Draw,Date,month,year,n_wd,wday,wn1,wn2,wn3,wn4,wn5,wn6,add_numb
2341,03/07/2008,7,2008,4,thursday,6,11,14,15,28,45,35
2342,07/07/2008,7,2008,1,monday,2,18,19,21,39,45,36
2343,10/07/2008,7,2008,4,thursday,22,32,41,42,43,44,31
2344,14/07/2008,7,2008,1,monday,5,12,17,18,38,40,22
2345,17/07/2008,7,2008,4,thursday,5,10,25,27,36,39,40
2346,21/07/2008,7,2008,1,monday,5,13,25,27,40,44,2
2347,24/07/2008,7,2008,4,thursday,2,5,9,20,21,42,15
2348,28/07/2008,7,2008,1,monday,4,16,21,26,31,37,24
2349,31/07/2008,7,2008,4,thursday,9,10,14,18,30,34,11
2350,04/08/2008,8,2008,1,monday,4,10,12,20,42,43,24
2351,08/08/2008,8,2008,5,thursday,14,17,19,21,25,38,34
2352,11/08/2008,8,2008,1,monday,3,11,15,23,31,42,7
2353,14/08/2008,8,2008,4,thursday,6,7,28,36,38,45,37
2354,18/08/2008,8,2008,1,monday,4,6,18,22,27,29,26
2355,21/08/2008,8,2008,4,thursday,5,9,19,30,41,45,22
2356,25/08/2008,8,2008,1,monday,6,8,12,15,33,37,36
2357,28/08/2008,8,2008,4,thursday,2,11,16,32,44,45,6
2358,01/09/2008,9,2008,1,monday,5,14,29,34,37,39,30
2359,04/09/2008,9,2008,4,thursday,8,25,33,39,40,45,43
2360,08/09/2008,9,2008,1,monday,8,17,20,39,41,44,43
2361,11/09/2008,9,2008,4,thursday,8,10,20,23,40,41,38
2362,15/09/2008,9,2008,1,monday,11,12,13,21,25,32,2
2363,18/09/2008,9,2008,4,thursday,10,23,31,37,38,41,20
2364,22/09/2008,9,2008,1,monday,6,10,18,21,30,35,1
2365,25/09/2008,9,2008,4,thursday,1,15,17,26,38,42,21
2366,29/09/2008,9,2008,1,monday,9,10,22,27,36,39,44
2367,02/10/2008,10,2008,4,thursday,3,6,7,11,27,37,12
2368,06/10/2008,10,2008,1,monday,6,13,22,30,31,42,40
2369,09/10/2008,10,2008,4,thursday,2,20,31,33,38,42,15
2370,13/10/2008,10,2008,1,monday,9,23,24,25,30,41,14
2371,16/10/2008,10,2008,4,thursday,17,23,24,38,40,44,26
2372,20/10/2008,10,2008,1,monday,12,16,18,23,25,35,41
2373,23/10/2008,10,2008,4,thursday,5,11,18,24,39,41,45
2374,27/10/2008,10,2008,1,monday,1,3,6,7,26,39,18
2375,30/10/2008,10,2008,4,thursday,1,9,17,23,35,38,34
2376,03/11/2008,11,2008,1,monday,1,6,31,35,40,42,44
2377,06/11/2008,11,2008,4,thursday,13,24,26,27,32,35,21
2378,10/11/2008,11,2008,1,monday,3,8,12,14,36,40,24
2379,13/11/2008,11,2008,4,thursday,5,12,15,20,29,36,19
2380,17/11/2008,11,2008,1,monday,8,17,24,30,42,43,18
2381,20/11/2008,11,2008,4,thursday,18,24,28,29,31,38,17
2382,24/11/2008,11,2008,1,monday,1,12,19,22,33,37,21
2383,27/11/2008,11,2008,4,thursday,9,17,18,25,41,45,29
2384,01/12/2008,12,2008,1,monday,4,5,13,16,23,26,30
2385,04/12/2008,12,2008,4,thursday,2,9,34,39,42,43,26
2386,08/12/2008,12,2008,1,monday,13,15,18,22,37,45,35
2387,11/12/2008,12,2008,4,thursday,2,4,6,28,42,43,39
2388,15/12/2008,12,2008,1,monday,17,19,28,30,32,36,29
2389,18/12/2008,12,2008,4,thursday,1,2,6,17,18,21,10
2390,22/12/2008,12,2008,1,monday,10,12,16,26,33,34,29
2391,25/12/2008,12,2008,4,thursday,3,4,17,28,34,41,33
2392,29/12/2008,12,2008,1,monday,2,3,14,25,27,38,1
2393,01/01/2009,1,2009,4,thursday,3,4,12,22,27,39,37
2394,05/01/2009,1,2009,1,monday,4,6,8,18,27,44,13
2395,08/01/2009,1,2009,4,thursday,6,21,23,28,30,34,39
2396,12/01/2009,1,2009,1,monday,2,5,6,15,28,36,16
2397,15/01/2009,1,2009,4,thursday,5,15,18,19,33,43,30
2398,19/01/2009,1,2009,1,monday,3,8,25,30,31,45,21
2399,22/01/2009,1,2009,4,thursday,15,20,29,33,39,43,44
2400,26/01/2009,1,2009,1,monday,3,4,11,16,41,44,1
2401,29/01/2009,1,2009,4,thursday,3,13,16,22,31,32,43
2402,02/02/2009,2,2009,1,monday,5,13,16,27,41,43,7
2403,06/02/2009,2,2009,5,thursday,6,14,15,28,37,43,24
2404,09/02/2009,2,2009,1,monday,5,10,20,24,29,31,36
2405,12/02/2009,2,2009,4,thursday,2,11,17,24,30,36,45
2406,16/02/2009,2,2009,1,monday,4,9,21,25,41,45,37
2407,19/02/2009,2,2009,4,thursday,9,14,33,34,39,44,35
2408,23/02/2009,2,2009,1,monday,2,5,9,11,14,27,19
2409,26/02/2009,2,2009,4,thursday,6,10,13,32,33,35,15
2410,02/03/2009,3,2009,1,monday,1,19,22,28,32,45,13
2411,05/03/2009,3,2009,4,thursday,5,6,22,33,34,45,44
2412,09/03/2009,3,2009,1,monday,3,4,10,12,30,31,9
2413,12/03/2009,3,2009,4,thursday,4,16,22,31,36,40,20
2414,16/03/2009,3,2009,1,monday,2,15,16,24,33,42,39
2415,19/03/2009,3,2009,4,thursday,16,26,29,31,40,44,14
2416,23/03/2009,3,2009,1,monday,8,14,20,30,38,45,17
2417,26/03/2009,3,2009,4,thursday,14,21,23,32,36,40,8
2418,30/03/2009,3,2009,1,monday,4,6,20,21,32,44,18
2419,02/04/2009,4,2009,4,thursday,17,20,22,31,34,45,6
2420,06/04/2009,4,2009,1,monday,7,15,26,28,34,40,19
2421,09/04/2009,4,2009,4,thursday,20,26,34,36,37,39,29
2422,13/04/2009,4,2009,1,monday,17,18,23,24,29,30,38
2423,16/04/2009,4,2009,4,thursday,7,16,18,31,34,42,10
2424,20/04/2009,4,2009,1,monday,4,15,18,20,41,43,17
2425,23/04/2009,4,2009,4,thursday,4,18,27,30,32,42,15
2426,27/04/2009,4,2009,1,monday,8,20,30,31,37,38,9
2427,30/04/2009,4,2009,4,thursday,9,15,18,29,41,43,1
2428,04/05/2009,5,2009,1,monday,2,3,4,13,16,42,35
2429,07/05/2009,5,2009,4,thursday,5,17,29,31,42,45,10
2430,11/05/2009,5,2009,1,monday,3,11,14,24,26,37,33
2431,14/05/2009,5,2009,4,thursday,9,12,17,28,29,30,32
2432,18/05/2009,5,2009,1,monday,13,16,27,31,35,45,32
2433,22/05/2009,5,2009,5,thursday,12,16,23,24,30,31,25
2434,25/05/2009,5,2009,1,monday,7,8,21,26,30,45,15
2435,28/05/2009,5,2009,4,thursday,2,4,19,21,22,31,8
2436,01/06/2009,6,2009,1,monday,4,24,26,30,31,38,41
2437,04/06/2009,6,2009,4,thursday,3,22,24,28,29,32,37
2438,08/06/2009,6,2009,1,monday,10,12,17,24,40,42,7
2439,11/06/2009,6,2009,4,thursday,2,16,23,35,40,42,17
2440,15/06/2009,6,2009,1,monday,1,20,23,27,35,41,5
2441,18/06/2009,6,2009,4,thursday,21,22,23,29,34,36,20
2442,22/06/2009,6,2009,1,monday,5,11,16,19,28,31,14
2443,25/06/2009,6,2009,4,thursday,5,18,23,34,37,40,12
2444,29/06/2009,6,2009,1,monday,7,10,22,24,29,30,4
2445,02/07/2009,7,2009,4,thursday,1,3,5,14,15,25,16
2446,06/07/2009,7,2009,1,monday,14,16,17,29,32,34,45
2447,09/07/2009,7,2009,4,thursday,11,13,21,32,35,44,18
2448,13/07/2009,7,2009,1,monday,25,26,32,36,42,43,3
2449,16/07/2009,7,2009,4,thursday,10,20,30,31,39,45,6
2450,20/07/2009,7,2009,1,monday,12,26,28,37,38,39,1
2451,23/07/2009,7,2009,4,thursday,15,24,25,32,33,44,29
2452,27/07/2009,7,2009,1,monday,4,11,32,36,39,42,12
2453,30/07/2009,7,2009,4,thursday,1,8,12,22,24,35,45
2454,03/08/2009,8,2009,1,monday,11,21,23,31,33,44,6
2455,06/08/2009,8,2009,4,thursday,1,6,7,8,19,31,33
2456,10/08/2009,8,2009,1,monday,15,20,22,23,29,33,28
2457,13/08/2009,8,2009,4,thursday,1,23,37,38,39,42,40
2458,17/08/2009,8,2009,1,monday,1,13,22,29,43,45,17
2459,20/08/2009,8,2009,4,thursday,3,10,12,13,16,29,17
2460,24/08/2009,8,2009,1,monday,6,7,8,10,12,13,26
2461,27/08/2009,8,2009,4,thursday,6,7,9,19,32,41,8
2462,31/08/2009,8,2009,1,monday,2,10,17,27,40,42,11
2463,03/09/2009,9,2009,4,thursday,2,6,25,30,31,33,44
2464,07/09/2009,9,2009,1,monday,1,5,15,33,34,37,28
2465,10/09/2009,9,2009,4,thursday,2,25,29,36,37,40,19
2466,14/09/2009,9,2009,1,monday,2,10,12,18,21,39,35
2467,17/09/2009,9,2009,4,thursday,1,8,10,29,36,38,34
2468,21/09/2009,9,2009,1,monday,3,8,12,19,34,40,22
2469,25/09/2009,9,2009,5,thursday,2,4,22,29,31,39,37
2470,28/09/2009,9,2009,1,monday,4,6,16,21,40,45,10
2471,01/10/2009,10,2009,4,thursday,7,10,31,33,43,45,22
2472,05/10/2009,10,2009,1,monday,10,14,21,30,39,44,8
2473,08/10/2009,10,2009,4,thursday,11,13,18,21,30,31,34
2474,12/10/2009,10,2009,1,monday,1,16,20,22,27,31,38
2475,15/10/2009,10,2009,4,thursday,7,22,23,36,37,45,31
2476,19/10/2009,10,2009,1,monday,5,21,22,34,36,41,9
2477,22/10/2009,10,2009,4,thursday,13,31,34,35,40,43,1
2478,26/10/2009,10,2009,1,monday,2,19,23,28,29,32,25
2479,29/10/2009,10,2009,4,thursday,1,6,25,28,29,32,24
2480,02/11/2009,11,2009,1,monday,16,22,23,31,37,39,18
2481,05/11/2009,11,2009,4,thursday,5,13,23,25,27,37,4
2482,09/11/2009,11,2009,1,monday,6,7,18,28,32,35,42
2483,12/11/2009,11,2009,4,thursday,16,20,26,29,40,41,18
2484,16/11/2009,11,2009,1,monday,20,24,31,33,34,41,25
2485,19/11/2009,11,2009,4,thursday,10,22,33,37,44,45,15
2486,23/11/2009,11,2009,1,monday,1,20,21,22,29,30,38
2487,26/11/2009,11,2009,4,thursday,5,11,12,17,20,30,43
2488,30/11/2009,11,2009,1,monday,1,17,22,35,44,45,36
2489,03/12/2009,12,2009,4,thursday,1,8,10,12,13,14,15
2490,07/12/2009,12,2009,1,monday,4,13,22,27,39,45,21
2491,10/12/2009,12,2009,4,thursday,8,10,13,21,25,45,26
2492,14/12/2009,12,2009,1,monday,2,8,14,20,21,37,3
2493,17/12/2009,12,2009,4,thursday,3,7,11,31,34,41,22
2494,21/12/2009,12,2009,1,monday,4,8,16,17,38,42,12
2495,24/12/2009,12,2009,4,thursday,5,9,11,26,27,29,2
2496,28/12/2009,12,2009,1,monday,9,24,33,36,37,40,44
2497,31/12/2009,12,2009,4,thursday,7,8,35,36,39,44,37
2498,04/01/2010,1,2010,1,monday,11,16,20,27,30,41,26
2499,07/01/2010,1,2010,4,thursday,5,6,22,34,42,45,35
2500,11/01/2010,1,2010,1,monday,6,26,29,30,39,41,12
2501,14/01/2010,1,2010,4,thursday,3,26,31,34,36,41,42
2502,18/01/2010,1,2010,1,monday,1,16,22,24,25,36,13
2503,21/01/2010,1,2010,4,thursday,15,17,20,38,39,44,6
2504,25/01/2010,1,2010,1,monday,1,8,14,17,36,42,15
2505,28/01/2010,1,2010,4,thursday,6,8,11,18,21,30,41
2506,01/02/2010,2,2010,1,monday,3,5,15,23,32,42,30
2507,04/02/2010,2,2010,4,thursday,24,28,29,32,39,44,12
2508,08/02/2010,2,2010,1,monday,9,14,15,27,29,32,12
2509,11/02/2010,2,2010,4,thursday,1,2,14,31,42,43,3
2510,15/02/2010,2,2010,1,monday,4,24,28,29,35,42,34
2511,18/02/2010,2,2010,4,thursday,6,9,29,30,31,37,26
2512,22/02/2010,2,2010,1,monday,9,18,25,37,40,43,30
2513,26/02/2010,2,2010,5,thursday,4,17,22,26,34,37,43
2514,01/03/2010,3,2010,1,monday,23,25,27,31,40,42,20
2515,04/03/2010,3,2010,4,thursday,4,14,23,27,43,45,24
2516,08/03/2010,3,2010,1,monday,3,13,21,22,24,36,40
2517,11/03/2010,3,2010,4,thursday,6,10,11,13,15,42,33
2518,15/03/2010,3,2010,1,monday,7,28,31,32,39,42,9
2519,18/03/2010,3,2010,4,thursday,1,4,6,30,31,32,8
2520,22/03/2010,3,2010,1,monday,9,12,16,23,29,31,10
2521,25/03/2010,3,2010,4,thursday,10,13,24,29,33,42,31
2522,29/03/2010,3,2010,1,monday,2,18,30,41,43,44,14
2523,01/04/2010,4,2010,4,thursday,4,5,6,18,28,30,21
2524,05/04/2010,4,2010,1,monday,9,13,21,31,37,39,3
2525,08/04/2010,4,2010,4,thursday,5,9,14,22,24,29,26
2526,12/04/2010,4,2010,1,monday,5,10,28,33,36,39,16
2527,15/04/2010,4,2010,4,thursday,12,13,23,26,38,43,25
2528,19/04/2010,4,2010,1,monday,9,23,32,38,39,43,1
2529,22/04/2010,4,2010,4,thursday,9,26,30,31,35,43,45
2530,26/04/2010,4,2010,1,monday,7,14,23,32,36,44,31
2531,29/04/2010,4,2010,4,thursday,12,20,23,30,31,41,38
2532,03/05/2010,5,2010,1,monday,1,6,19,25,42,45,8
2533,06/05/2010,5,2010,4,thursday,4,8,33,42,44,45,19
2534,10/05/2010,5,2010,1,monday,1,12,16,18,34,36,41
2535,14/05/2010,5,2010,5,thursday,5,12,23,37,38,43,41
2536,17/05/2010,5,2010,1,monday,6,16,22,23,31,33,20
2537,20/05/2010,5,2010,4,thursday,8,12,27,31,36,40,30
2538,24/05/2010,5,2010,1,monday,8,19,22,23,28,33,13
2539,27/05/2010,5,2010,4,thursday,1,5,11,12,33,38,20
2540,31/05/2010,5,2010,1,monday,6,7,9,12,13,44,28
2541,03/06/2010,6,2010,4,thursday,18,24,26,30,32,33,3
2542,07/06/2010,6,2010,1,monday,1,8,13,17,22,33,25
2543,10/06/2010,6,2010,4,thursday,20,31,35,40,43,44,17
2544,14/06/2010,6,2010,1,monday,7,13,14,15,18,44,28
2545,17/06/2010,6,2010,4,thursday,13,14,15,20,38,45,35
2546,21/06/2010,6,2010,1,monday,10,14,16,19,37,41,1
2547,24/06/2010,6,2010,4,thursday,2,4,13,22,25,39,1
2548,28/06/2010,6,2010,1,monday,5,8,17,27,32,34,22
2549,01/07/2010,7,2010,4,thursday,14,22,25,36,43,44,29
2550,05/07/2010,7,2010,1,monday,7,10,29,30,34,41,17
2551,08/07/2010,7,2010,4,thursday,3,6,9,23,38,39,14
2552,12/07/2010,7,2010,1,monday,3,4,14,18,26,42,33
2553,15/07/2010,7,2010,4,thursday,10,17,20,23,25,31,33
2554,19/07/2010,7,2010,1,monday,3,4,5,10,19,35,9
2555,23/07/2010,7,2010,5,thursday,12,14,16,23,29,40,21
2556,26/07/2010,7,2010,1,monday,7,9,21,28,30,41,37
2557,29/07/2010,7,2010,4,thursday,6,7,11,23,42,44,38
2558,02/08/2010,8,2010,1,monday,2,4,7,10,29,43,25
2559,05/08/2010,8,2010,4,thursday,6,10,12,22,23,40,25
2560,09/08/2010,8,2010,1,monday,11,15,16,36,38,43,40
2561,12/08/2010,8,2010,4,thursday,5,12,23,26,29,31,19
2562,16/08/2010,8,2010,1,monday,4,12,13,15,29,43,41
2563,19/08/2010,8,2010,4,thursday,8,19,30,31,33,43,32
2564,23/08/2010,8,2010,1,monday,7,9,29,37,40,43,11
2565,26/08/2010,8,2010,4,thursday,3,28,32,34,43,45,37
2566,30/08/2010,8,2010,1,monday,12,16,21,29,34,40,38
2567,02/09/2010,9,2010,4,thursday,7,12,17,18,25,27,1
2568,06/09/2010,9,2010,1,monday,7,12,13,22,28,29,16
2569,09/09/2010,9,2010,4,thursday,2,18,21,22,32,40,34
2570,13/09/2010,9,2010,1,monday,3,6,15,25,28,43,44
2571,16/09/2010,9,2010,4,thursday,1,3,17,24,29,45,8
2572,20/09/2010,9,2010,1,monday,10,23,28,34,38,42,32
2573,23/09/2010,9,2010,4,thursday,1,3,11,13,19,37,29
2574,27/09/2010,9,2010,1,monday,1,16,32,34,35,42,22
2575,30/09/2010,9,2010,4,thursday,8,16,17,25,26,43,45
2576,04/10/2010,10,2010,1,monday,7,10,13,16,18,19,35
2577,07/10/2010,10,2010,4,thursday,9,17,22,23,35,41,44
2578,11/10/2010,10,2010,1,monday,2,5,18,23,24,36,17
2579,14/10/2010,10,2010,4,thursday,8,14,25,31,40,41,29
2580,18/10/2010,10,2010,1,monday,3,9,11,28,36,42,10
2581,21/10/2010,10,2010,4,thursday,7,15,17,18,25,27,2
2582,25/10/2010,10,2010,1,monday,2,7,9,18,31,45,4
2583,28/10/2010,10,2010,4,thursday,2,13,22,32,33,38,1
2584,01/11/2010,11,2010,1,monday,18,19,21,27,30,34,37
2585,04/11/2010,11,2010,4,thursday,6,9,11,17,41,43,27
2586,08/11/2010,11,2010,1,monday,13,17,18,20,34,39,14
2587,11/11/2010,11,2010,4,thursday,10,20,27,34,39,45,25
2588,15/11/2010,11,2010,1,monday,3,8,29,32,35,39,24
2589,18/11/2010,11,2010,4,thursday,3,7,10,31,36,43,25
2590,22/11/2010,11,2010,1,monday,8,12,13,21,27,38,45
2591,25/11/2010,11,2010,4,thursday,9,11,14,23,33,35,15
2592,29/11/2010,11,2010,1,monday,11,13,17,23,39,40,4
2593,02/12/2010,12,2010,4,thursday,4,7,24,25,35,36,13
2594,06/12/2010,12,2010,1,monday,1,6,11,20,24,34,2
2595,09/12/2010,12,2010,4,thursday,11,26,30,32,41,43,40
2596,13/12/2010,12,2010,1,monday,6,12,17,27,34,43,9
2597,16/12/2010,12,2010,4,thursday,6,30,35,36,41,45,26
2598,20/12/2010,12,2010,1,monday,6,13,20,30,31,32,5
2599,23/12/2010,12,2010,4,thursday,10,11,15,21,39,44,38
2600,27/12/2010,12,2010,1,monday,4,7,9,11,14,20,16
2601,30/12/2010,12,2010,4,thursday,6,10,15,21,22,32,30
2602,03/01/2011,1,2011,1,monday,5,6,18,21,23,30,37
2603,06/01/2011,1,2011,4,thursday,9,12,25,30,31,34,27
2604,10/01/2011,1,2011,1,monday,4,9,20,27,28,29,16
2605,13/01/2011,1,2011,4,thursday,6,7,23,34,36,41,10
2606,17/01/2011,1,2011,1,monday,17,22,32,36,41,45,4
2607,20/01/2011,1,2011,4,thursday,11,14,15,23,24,28,2
2608,24/01/2011,1,2011,1,monday,9,15,23,28,32,40,41
2609,28/01/2011,1,2011,5,thursday,5,17,18,20,24,38,7
2610,31/01/2011,1,2011,1,monday,6,9,19,22,39,43,27
2611,03/02/2011,2,2011,4,thursday,2,4,13,24,26,39,14
2612,07/02/2011,2,2011,1,monday,3,4,12,24,26,44,1
2613,10/02/2011,2,2011,4,thursday,6,9,18,26,37,38,8
2614,14/02/2011,2,2011,1,monday,1,13,16,30,38,39,24
2615,18/02/2011,2,2011,5,thursday,18,20,27,34,35,41,1
2616,21/02/2011,2,2011,1,monday,6,7,16,20,28,30,26
2617,24/02/2011,2,2011,4,thursday,7,10,13,17,36,45,16
2618,28/02/2011,2,2011,1,monday,8,9,11,30,41,43,36
2619,03/03/2011,3,2011,4,thursday,1,6,10,31,32,45,43
2620,07/03/2011,3,2011,1,monday,16,17,19,28,36,41,8
2621,10/03/2011,3,2011,4,thursday,8,19,22,24,39,40,2
2622,14/03/2011,3,2011,1,monday,22,23,24,32,35,38,2
2623,17/03/2011,3,2011,4,thursday,2,5,22,29,33,36,4
2624,21/03/2011,3,2011,1,monday,7,29,31,32,38,45,3
2625,24/03/2011,3,2011,4,thursday,7,17,23,24,26,28,18
2626,28/03/2011,3,2011,1,monday,11,16,23,29,30,35,40
2627,31/03/2011,3,2011,4,thursday,3,9,13,14,27,34,7
2628,04/04/2011,4,2011,1,monday,3,4,9,22,35,45,44
2629,07/04/2011,4,2011,4,thursday,16,22,23,25,28,43,37
2630,11/04/2011,4,2011,1,monday,9,15,27,28,30,40,12
2631,14/04/2011,4,2011,4,thursday,6,10,17,29,33,44,9
2632,18/04/2011,4,2011,1,monday,2,7,10,16,29,32,18
2633,21/04/2011,4,2011,4,thursday,24,25,32,38,39,43,2
2634,25/04/2011,4,2011,1,monday,2,21,23,25,27,44,43
2635,28/04/2011,4,2011,4,thursday,12,13,16,21,28,39,2
2636,02/05/2011,5,2011,1,monday,3,12,15,28,29,41,4
2637,05/05/2011,5,2011,4,thursday,10,26,29,34,35,41,22
2638,09/05/2011,5,2011,1,monday,6,14,16,19,39,42,26
2639,12/05/2011,5,2011,4,thursday,7,19,23,26,29,31,38
2640,16/05/2011,5,2011,1,monday,16,18,22,27,35,36,11
2641,19/05/2011,5,2011,4,thursday,6,22,23,26,27,31,3
2642,23/05/2011,5,2011,1,monday,1,12,14,21,26,37,17
2643,26/05/2011,5,2011,4,thursday,2,5,6,14,40,44,28
2644,30/05/2011,5,2011,1,monday,14,17,19,28,37,44,7
2645,02/06/2011,6,2011,4,thursday,1,2,3,15,31,42,10
2646,06/06/2011,6,2011,1,monday,2,8,13,21,28,37,24
2647,09/06/2011,6,2011,4,thursday,8,9,17,28,29,31,26
2648,13/06/2011,6,2011,1,monday,17,18,24,27,41,43,12
2649,16/06/2011,6,2011,4,thursday,10,17,29,30,40,42,26
2650,20/06/2011,6,2011,1,monday,2,11,14,22,32,40,42
2651,23/06/2011,6,2011,4,thursday,3,4,7,17,21,39,12
2652,27/06/2011,6,2011,1,monday,10,13,18,27,33,44,38
2653,30/06/2011,6,2011,4,thursday,4,17,30,39,43,45,19
2654,04/07/2011,7,2011,1,monday,11,13,19,33,37,42,17
2655,07/07/2011,7,2011,4,thursday,35,36,40,41,43,44,32
2656,11/07/2011,7,2011,1,monday,4,9,18,19,41,44,23
2657,14/07/2011,7,2011,4,thursday,9,10,17,23,29,45,15
2658,18/07/2011,7,2011,1,monday,6,14,19,20,28,39,16
2659,22/07/2011,7,2011,5,thursday,11,12,17,25,27,32,42
2660,25/07/2011,7,2011,1,monday,11,20,23,32,39,42,19
2661,28/07/2011,7,2011,4,thursday,4,9,16,23,33,38,39
2662,01/08/2011,8,2011,1,monday,17,20,21,22,24,30,16
2663,04/08/2011,8,2011,4,thursday,1,13,26,34,42,45,7
2664,08/08/2011,8,2011,1,monday,1,6,8,29,31,36,26
2665,11/08/2011,8,2011,4,thursday,1,13,22,23,24,36,12
2666,15/08/2011,8,2011,1,monday,3,7,27,30,41,45,9
2667,18/08/2011,8,2011,4,thursday,3,7,18,26,29,30,43
2668,22/08/2011,8,2011,1,monday,2,25,34,35,37,43,8
2669,25/08/2011,8,2011,4,thursday,1,5,7,10,22,26,15
2670,29/08/2011,8,2011,1,monday,10,11,12,16,36,38,39
2671,01/09/2011,9,2011,4,thursday,3,13,17,28,44,45,9
2672,05/09/2011,9,2011,1,monday,1,6,18,27,29,44,3
2673,09/09/2011,9,2011,5,thursday,2,5,14,24,28,36,18
2674,12/09/2011,9,2011,1,monday,6,9,17,20,24,26,28
2675,15/09/2011,9,2011,4,thursday,7,8,15,23,27,36,16
2676,19/09/2011,9,2011,1,monday,2,9,13,17,29,44,27
2677,22/09/2011,9,2011,4,thursday,2,11,21,36,37,44,24
2678,26/09/2011,9,2011,1,monday,8,15,17,21,33,37,18
2679,29/09/2011,9,2011,4,thursday,7,11,12,16,34,41,38
2680,03/10/2011,10,2011,1,monday,1,18,31,32,36,43,16
2681,06/10/2011,10,2011,4,thursday,1,13,19,21,23,37,10
2682,10/10/2011,10,2011,1,monday,5,11,15,19,34,35,41
2683,13/10/2011,10,2011,4,thursday,16,20,21,28,32,36,26
2684,17/10/2011,10,2011,1,monday,9,23,24,28,31,33,20
2685,20/10/2011,10,2011,4,thursday,5,7,21,35,38,45,24
2686,24/10/2011,10,2011,1,monday,4,24,27,37,40,42,22
2687,27/10/2011,10,2011,4,thursday,12,18,27,28,32,42,26
2688,31/10/2011,10,2011,1,monday,4,7,18,23,24,35,33
2689,03/11/2011,11,2011,4,thursday,8,12,24,39,40,41,23
2690,07/11/2011,11,2011,1,monday,12,13,19,20,27,28,40
2691,10/11/2011,11,2011,4,thursday,11,18,27,30,34,44,12
2692,14/11/2011,11,2011,1,monday,1,4,11,34,35,43,41
2693,17/11/2011,11,2011,4,thursday,12,19,23,30,36,41,10
2694,21/11/2011,11,2011,1,monday,6,13,17,26,36,39,7
2695,24/11/2011,11,2011,4,thursday,13,20,32,41,43,44,21
2696,28/11/2011,11,2011,1,monday,7,19,20,24,33,36,6
2697,01/12/2011,12,2011,4,thursday,5,7,27,36,38,44,15
2698,05/12/2011,12,2011,1,monday,4,10,21,22,27,32,44
2699,08/12/2011,12,2011,4,thursday,3,5,7,17,41,45,30
2700,12/12/2011,12,2011,1,monday,2,10,20,28,33,35,16
2701,15/12/2011,12,2011,4,thursday,4,6,15,16,20,36,35
2702,19/12/2011,12,2011,1,monday,3,10,37,38,40,41,21
2703,22/12/2011,12,2011,4,thursday,7,9,26,33,39,40,30
2704,26/12/2011,12,2011,1,monday,1,3,13,36,41,42,37
2705,29/12/2011,12,2011,4,thursday,13,17,21,22,24,45,26
2706,02/01/2012,1,2012,1,monday,3,20,30,36,37,43,22
2707,05/01/2012,1,2012,4,thursday,5,7,15,24,27,33,45
2708,09/01/2012,1,2012,1,monday,9,12,21,22,28,43,33
2709,12/01/2012,1,2012,4,thursday,4,16,18,22,23,43,25
2710,16/01/2012,1,2012,1,monday,14,27,28,29,36,40,19
2711,20/01/2012,1,2012,5,thursday,7,18,26,41,43,44,45
2712,23/01/2012,1,2012,1,monday,5,15,17,29,31,33,32
2713,26/01/2012,1,2012,4,thursday,4,5,15,16,34,40,14
2714,30/01/2012,1,2012,1,monday,14,17,32,33,38,41,27
2715,03/02/2012,2,2012,5,thursday,3,19,21,27,33,34,8
2716,06/02/2012,2,2012,1,monday,3,4,5,9,24,29,7
2717,09/02/2012,2,2012,4,thursday,8,9,12,31,44,45,23
2718,13/02/2012,2,2012,1,monday,4,7,9,17,18,23,33
2719,16/02/2012,2,2012,4,thursday,12,13,20,21,24,35,30
2720,20/02/2012,2,2012,1,monday,2,17,20,33,36,37,42
2721,23/02/2012,2,2012,4,thursday,12,20,25,38,43,44,15
2722,27/02/2012,2,2012,1,monday,9,14,17,32,33,45,7
2723,01/03/2012,3,2012,4,thursday,11,12,17,23,30,31,41
2724,05/03/2012,3,2012,1,monday,8,13,17,25,27,29,11
2725,08/03/2012,3,2012,4,thursday,5,11,38,39,41,45,1
2726,12/03/2012,3,2012,1,monday,1,11,20,25,26,36,33
2727,15/03/2012,3,2012,4,thursday,2,8,15,21,27,35,7
2728,19/03/2012,3,2012,1,monday,6,8,13,19,23,29,44
2729,22/03/2012,3,2012,4,thursday,7,12,21,34,39,42,14
2730,26/03/2012,3,2012,1,monday,2,4,5,15,30,40,1
2731,29/03/2012,3,2012,4,thursday,1,19,33,36,37,40,5
2732,02/04/2012,4,2012,1,monday,1,18,21,31,42,44,28
2733,05/04/2012,4,2012,4,thursday,12,13,17,36,43,44,41
2734,09/04/2012,4,2012,1,monday,1,2,19,24,42,45,32
2735,12/04/2012,4,2012,4,thursday,22,31,34,36,38,39,43
2736,16/04/2012,4,2012,1,monday,1,11,27,37,43,44,12
2737,19/04/2012,4,2012,4,thursday,9,15,18,21,26,30,39
2738,23/04/2012,4,2012,1,monday,1,9,10,15,17,34,19
2739,26/04/2012,4,2012,4,thursday,4,9,14,26,30,43,12
2740,30/04/2012,4,2012,1,monday,5,15,29,36,37,45,25
2741,03/05/2012,5,2012,4,thursday,2,3,9,13,14,39,8
2742,07/05/2012,5,2012,1,monday,8,12,28,29,32,42,24
2743,10/05/2012,5,2012,4,thursday,8,9,11,20,22,38,5
2744,14/05/2012,5,2012,1,monday,8,14,22,24,29,41,43
2745,18/05/2012,5,2012,5,thursday,9,17,18,32,33,44,4
2746,21/05/2012,5,2012,1,monday,4,7,27,34,36,42,11
2747,24/05/2012,5,2012,4,thursday,13,22,30,31,34,38,6
2748,28/05/2012,5,2012,1,monday,5,8,17,22,35,43,1
2749,31/05/2012,5,2012,4,thursday,7,13,15,19,38,43,14
2750,04/06/2012,6,2012,1,monday,11,12,17,20,40,41,10
2751,07/06/2012,6,2012,4,thursday,5,8,19,20,23,30,16
2752,11/06/2012,6,2012,1,monday,1,3,9,11,35,38,6
2753,14/06/2012,6,2012,4,thursday,16,17,25,27,28,35,45
2754,18/06/2012,6,2012,1,monday,1,2,8,9,16,33,12
2755,21/06/2012,6,2012,4,thursday,6,8,10,14,18,21,43
2756,25/06/2012,6,2012,1,monday,8,18,19,30,31,38,14
2757,28/06/2012,6,2012,4,thursday,12,15,16,21,25,26,8
2758,02/07/2012,7,2012,1,monday,7,10,12,29,35,38,8
2759,05/07/2012,7,2012,4,thursday,29,33,34,37,42,44,17
2760,09/07/2012,7,2012,1,monday,9,16,22,26,33,45,43
2761,12/07/2012,7,2012,4,thursday,2,3,19,21,23,45,25
2762,16/07/2012,7,2012,1,monday,5,12,17,18,33,40,15
2763,20/07/2012,7,2012,5,thursday,4,31,33,37,39,45,41
2764,23/07/2012,7,2012,1,monday,1,4,21,23,39,44,42
2765,26/07/2012,7,2012,4,thursday,1,8,22,25,32,36,34
2766,30/07/2012,7,2012,1,monday,11,28,32,37,43,45,13
2767,02/08/2012,8,2012,4,thursday,4,8,12,15,23,27,26
2768,06/08/2012,8,2012,1,monday,10,15,22,28,30,40,25
2769,09/08/2012,8,2012,4,thursday,1,4,6,12,25,41,16
2770,13/08/2012,8,2012,1,monday,20,27,32,40,41,44,22
2771,16/08/2012,8,2012,4,thursday,4,11,17,22,26,32,10
2772,20/08/2012,8,2012,1,monday,10,20,26,28,41,44,15
2773,23/08/2012,8,2012,4,thursday,6,22,24,25,31,37,29
2774,27/08/2012,8,2012,1,monday,7,9,10,19,22,42,32
2775,30/08/2012,8,2012,4,thursday,7,30,37,42,44,45,31
2776,03/09/2012,9,2012,1,monday,6,23,31,35,37,39,8
2777,06/09/2012,9,2012,4,thursday,4,7,9,11,21,45,27
2778,10/09/2012,9,2012,1,monday,5,8,12,27,35,39,17
2779,13/09/2012,9,2012,4,thursday,3,14,17,22,31,44,9
2780,17/09/2012,9,2012,1,monday,8,21,32,35,39,43,18
2781,20/09/2012,9,2012,4,thursday,13,20,22,25,33,37,41
2782,24/09/2012,9,2012,1,monday,5,7,10,34,36,37,32
2783,27/09/2012,9,2012,4,thursday,9,11,30,38,39,43,40
2784,01/10/2012,10,2012,1,monday,3,7,8,16,21,24,26
2785,04/10/2012,10,2012,4,thursday,6,13,30,33,38,41,43
2786,08/10/2012,10,2012,1,monday,11,14,17,18,27,32,35
2787,11/10/2012,10,2012,4,thursday,5,6,22,25,27,33,17
2788,15/10/2012,10,2012,1,monday,1,17,31,37,38,45,26
2789,18/10/2012,10,2012,4,thursday,2,5,22,26,34,36,6
2790,22/10/2012,10,2012,1,monday,12,14,18,23,28,41,1
2791,25/10/2012,10,2012,4,thursday,9,17,21,28,37,40,30
2792,29/10/2012,10,2012,1,monday,14,15,21,24,25,36,42
2793,01/11/2012,11,2012,4,thursday,10,13,15,27,34,41,31
2794,05/11/2012,11,2012,1,monday,4,9,13,17,20,29,40
2795,08/11/2012,11,2012,4,thursday,3,7,19,38,41,43,12
2796,12/11/2012,11,2012,1,monday,9,14,18,19,25,33,32
2797,15/11/2012,11,2012,4,thursday,13,20,21,30,40,42,29
2798,19/11/2012,11,2012,1,monday,11,15,22,30,32,33,19
2799,22/11/2012,11,2012,4,thursday,1,3,13,22,24,42,41
2800,26/11/2012,11,2012,1,monday,2,12,17,29,34,39,23
2801,29/11/2012,11,2012,4,thursday,4,7,9,10,23,30,42
2802,03/12/2012,12,2012,1,monday,14,22,27,31,33,34,1
2803,06/12/2012,12,2012,4,thursday,3,6,10,13,23,27,17
2804,10/12/2012,12,2012,1,monday,15,19,24,29,31,42,3
2805,13/12/2012,12,2012,4,thursday,8,12,15,26,33,42,2
2806,17/12/2012,12,2012,1,monday,9,20,24,26,40,44,22
2807,20/12/2012,12,2012,4,thursday,18,22,25,26,42,44,5
2808,24/12/2012,12,2012,1,monday,7,10,11,12,16,42,8
2809,27/12/2012,12,2012,4,thursday,17,20,22,30,36,37,16
2810,31/12/2012,12,2012,1,monday,4,14,25,34,42,45,17
2811,03/01/2013,1,2013,4,thursday,19,30,35,42,44,45,1
2812,07/01/2013,1,2013,1,monday,11,12,16,22,26,38,31
2813,10/01/2013,1,2013,4,thursday,4,21,26,38,41,43,16
2814,14/01/2013,1,2013,1,monday,13,23,30,36,40,43,41
2815,17/01/2013,1,2013,4,thursday,7,10,24,26,27,31,20
2816,21/01/2013,1,2013,1,monday,3,4,6,29,33,35,41
2817,24/01/2013,1,2013,4,thursday,11,20,24,38,39,44,17
2818,28/01/2013,1,2013,1,monday,22,23,27,29,32,38,16
2819,31/01/2013,1,2013,4,thursday,3,5,36,37,42,43,17
2820,04/02/2013,2,2013,1,monday,7,9,16,24,39,40,18
2821,08/02/2013,2,2013,5,thursday,8,10,11,25,27,43,2
2822,11/02/2013,2,2013,1,monday,1,4,15,18,33,42,38
2823,14/02/2013,2,2013,4,thursday,6,25,28,31,38,44,23
2824,18/02/2013,2,2013,1,monday,4,8,14,24,31,35,45
2825,22/02/2013,2,2013,5,thursday,16,18,23,25,29,34,26
2826,25/02/2013,2,2013,1,monday,5,6,10,21,26,37,1
2827,28/02/2013,2,2013,4,thursday,1,10,15,34,38,41,25
2828,04/03/2013,3,2013,1,monday,1,11,14,20,23,36,27
2829,07/03/2013,3,2013,4,thursday,16,20,22,25,26,27,18
2830,11/03/2013,3,2013,1,monday,2,3,14,15,33,40,45
2831,14/03/2013,3,2013,4,thursday,8,9,13,16,22,43,24
2832,18/03/2013,3,2013,1,monday,2,6,8,23,27,39,4
2833,21/03/2013,3,2013,4,thursday,3,31,35,36,38,45,29
2834,25/03/2013,3,2013,1,monday,22,23,38,41,44,45,39
2835,28/03/2013,3,2013,4,thursday,24,30,33,35,37,38,17
2836,01/04/2013,4,2013,1,monday,8,10,15,21,28,40,26
2837,04/04/2013,4,2013,4,thursday,16,19,22,27,36,39,12
2838,08/04/2013,4,2013,1,monday,12,20,28,31,32,40,27
2839,11/04/2013,4,2013,4,thursday,2,3,15,27,41,45,17
2840,15/04/2013,4,2013,1,monday,10,26,27,32,38,42,11
2841,18/04/2013,4,2013,4,thursday,1,11,13,24,26,44,5
2842,22/04/2013,4,2013,1,monday,6,11,22,31,36,41,5
2843,25/04/2013,4,2013,4,thursday,3,12,17,27,28,43,45
2844,29/04/2013,4,2013,1,monday,4,15,17,19,22,23,26
2845,02/05/2013,5,2013,4,thursday,1,12,20,22,31,43,27
2846,06/05/2013,5,2013,1,monday,4,9,14,19,22,34,35
2847,09/05/2013,5,2013,4,thursday,2,12,22,24,31,34,10
2848,13/05/2013,5,2013,1,monday,1,5,7,24,27,45,3
2849,17/05/2013,5,2013,5,thursday,8,14,22,30,34,41,1
2850,20/05/2013,5,2013,1,monday,1,7,10,23,25,35,18
2851,23/05/2013,5,2013,4,thursday,7,13,17,19,20,26,5
2852,27/05/2013,5,2013,1,monday,9,13,18,19,23,28,1
2853,30/05/2013,5,2013,4,thursday,4,9,26,27,37,44,12
2854,03/06/2013,6,2013,1,monday,2,16,18,19,25,38,23
2855,06/06/2013,6,2013,4,thursday,11,14,16,30,32,34,19
2856,10/06/2013,6,2013,1,monday,11,13,23,29,31,38,21
2857,13/06/2013,6,2013,4,thursday,7,11,25,36,37,38,35
2858,17/06/2013,6,2013,1,monday,5,16,30,32,33,41,14
2859,20/06/2013,6,2013,4,thursday,4,5,11,26,37,45,39
2860,24/06/2013,6,2013,1,monday,15,17,32,36,37,42,44
2861,27/06/2013,6,2013,4,thursday,12,19,21,22,26,29,39
2862,01/07/2013,7,2013,1,monday,2,12,15,28,35,38,41
2863,04/07/2013,7,2013,4,thursday,7,23,27,35,41,43,29
2864,08/07/2013,7,2013,1,monday,9,14,18,20,32,34,45
2865,11/07/2013,7,2013,4,thursday,9,10,14,15,18,42,31
2866,15/07/2013,7,2013,1,monday,10,11,19,22,34,45,31
2867,18/07/2013,7,2013,4,thursday,6,25,28,43,44,45,42
2868,22/07/2013,7,2013,1,monday,15,19,23,31,40,45,34
2869,25/07/2013,7,2013,4,thursday,1,11,25,39,41,44,2
2870,29/07/2013,7,2013,1,monday,9,12,22,23,31,37,17
2871,02/08/2013,8,2013,5,thursday,9,26,33,36,38,42,1
2872,05/08/2013,8,2013,1,monday,1,11,24,31,32,36,38
2873,08/08/2013,8,2013,4,thursday,18,25,27,33,42,43,23
2874,12/08/2013,8,2013,1,monday,10,12,14,28,36,40,34
2875,15/08/2013,8,2013,4,thursday,6,7,19,26,31,33,35
2876,19/08/2013,8,2013,1,monday,14,19,26,30,41,45,38
2877,22/08/2013,8,2013,4,thursday,15,16,30,34,38,42,1
2878,26/08/2013,8,2013,1,monday,4,7,11,22,29,38,6
2879,29/08/2013,8,2013,4,thursday,7,8,13,14,28,44,16
2880,02/09/2013,9,2013,1,monday,7,21,29,31,41,45,9
2881,05/09/2013,9,2013,4,thursday,8,19,20,27,41,45,21
2882,09/09/2013,9,2013,1,monday,6,8,23,28,41,44,24
2883,12/09/2013,9,2013,4,thursday,2,5,9,17,31,44,4
2884,16/09/2013,9,2013,1,monday,1,11,13,15,21,22,33
2885,19/09/2013,9,2013,4,thursday,3,7,9,14,19,35,20
2886,23/09/2013,9,2013,1,monday,1,16,18,21,36,41,7
2887,26/09/2013,9,2013,4,thursday,6,14,15,27,31,32,16
2888,30/09/2013,9,2013,1,monday,4,12,25,26,36,40,39
2889,03/10/2013,10,2013,4,thursday,2,19,21,24,25,41,29
2890,07/10/2013,10,2013,1,monday,8,22,32,36,39,44,4
2891,10/10/2013,10,2013,4,thursday,12,13,17,25,34,44,29
2892,14/10/2013,10,2013,1,monday,1,6,11,23,37,44,19
2893,17/10/2013,10,2013,4,thursday,12,16,28,30,31,42,36
2894,21/10/2013,10,2013,1,monday,2,7,11,19,42,45,3
2895,24/10/2013,10,2013,4,thursday,1,16,31,38,39,45,8
2896,28/10/2013,10,2013,1,monday,1,11,22,28,31,32,8
2897,31/10/2013,10,2013,4,thursday,2,6,10,27,31,34,20
2898,04/11/2013,11,2013,1,monday,15,21,24,34,37,44,29
2899,07/11/2013,11,2013,4,thursday,4,16,18,24,28,29,45
2900,11/11/2013,11,2013,1,monday,8,13,16,26,29,42,40
2901,14/11/2013,11,2013,4,thursday,1,5,9,28,30,39,16
2902,18/11/2013,11,2013,1,monday,5,7,13,19,22,45,18
2903,21/11/2013,11,2013,4,thursday,8,9,12,18,22,32,6
2904,25/11/2013,11,2013,1,monday,4,17,24,28,41,42,43
2905,28/11/2013,11,2013,4,thursday,15,20,21,28,35,43,39
2906,02/12/2013,12,2013,1,monday,1,13,16,22,27,33,38
2907,05/12/2013,12,2013,4,thursday,15,20,23,40,42,44,22
2908,09/12/2013,12,2013,1,monday,2,8,15,22,23,25,16
2909,12/12/2013,12,2013,4,thursday,3,5,23,31,34,39,17
2910,16/12/2013,12,2013,1,monday,14,17,25,27,28,40,9
2911,19/12/2013,12,2013,4,thursday,8,11,15,27,32,43,6
2912,23/12/2013,12,2013,1,monday,3,5,9,23,25,31,14
2913,26/12/2013,12,2013,4,thursday,2,18,20,38,43,44,28
2914,30/12/2013,12,2013,1,monday,14,17,27,28,32,36,41
2915,03/01/2014,1,2014,5,thursday,10,11,31,37,39,43,22
2916,06/01/2014,1,2014,1,monday,10,17,27,28,42,45,23
2917,09/01/2014,1,2014,4,thursday,4,7,8,33,36,43,9
2918,13/01/2014,1,2014,1,monday,3,25,33,36,42,45,10
2919,16/01/2014,1,2014,4,thursday,26,27,34,39,41,45,28
2920,20/01/2014,1,2014,1,monday,1,12,27,32,33,36,26
2921,24/01/2014,1,2014,5,thursday,2,8,11,16,36,43,19
2922,27/01/2014,1,2014,1,monday,6,24,27,29,40,43,4
2923,30/01/2014,1,2014,4,thursday,5,12,20,32,37,38,26
2924,03/02/2014,2,2014,1,monday,6,14,22,31,36,44,32
2925,06/02/2014,2,2014,4,thursday,5,14,22,27,40,43,4
2926,10/02/2014,2,2014,1,monday,4,10,15,17,22,31,11
2927,14/02/2014,2,2014,5,thursday,4,6,12,20,29,35,31
2928,17/02/2014,2,2014,1,monday,1,4,5,12,30,45,9
2929,20/02/2014,2,2014,4,thursday,14,15,20,23,33,44,34
2930,24/02/2014,2,2014,1,monday,5,13,15,16,21,28,34
2931,27/02/2014,2,2014,4,thursday,13,33,37,40,41,44,10
2932,03/03/2014,3,2014,1,monday,2,4,18,29,30,44,21
2933,06/03/2014,3,2014,4,thursday,4,7,8,24,29,42,26
2934,10/03/2014,3,2014,1,monday,13,15,21,29,31,33,5
2935,13/03/2014,3,2014,4,thursday,3,7,20,36,39,45,6
2936,17/03/2014,3,2014,1,monday,1,8,14,28,32,38,5
2937,20/03/2014,3,2014,4,thursday,3,7,11,21,25,33,39
2938,24/03/2014,3,2014,1,monday,1,4,10,16,36,42,44
2939,27/03/2014,3,2014,4,thursday,5,8,9,15,16,21,26
2940,31/03/2014,3,2014,1,monday,5,10,11,23,41,43,24
2941,03/04/2014,4,2014,4,thursday,10,11,17,19,27,37,24
2942,07/04/2014,4,2014,1,monday,5,12,20,25,26,39,1
2943,10/04/2014,4,2014,4,thursday,14,18,19,34,35,36,17
2944,14/04/2014,4,2014,1,monday,15,18,21,27,32,45,11
2945,17/04/2014,4,2014,4,thursday,8,11,16,21,33,40,5
2946,21/04/2014,4,2014,1,monday,3,7,10,21,32,38,22
2947,24/04/2014,4,2014,4,thursday,5,8,20,27,39,40,42
2948,28/04/2014,4,2014,1,monday,4,6,13,17,32,35,11
2949,01/05/2014,5,2014,4,thursday,6,10,11,13,29,45,23
2950,05/05/2014,5,2014,1,monday,4,7,15,27,37,42,3
2951,08/05/2014,5,2014,4,thursday,1,11,18,32,34,41,45
2952,12/05/2014,5,2014,1,monday,2,3,9,23,28,43,41
2953,15/05/2014,5,2014,4,thursday,5,8,21,26,27,43,15
2954,19/05/2014,5,2014,1,monday,5,8,18,31,32,42,34
2955,23/05/2014,5,2014,5,thursday,1,7,13,24,28,38,32
2956,26/05/2014,5,2014,1,monday,8,10,14,17,34,37,32
2957,29/05/2014,5,2014,4,thursday,17,19,38,40,41,42,28
2958,02/06/2014,6,2014,1,monday,9,19,23,35,39,45,41
2959,05/06/2014,6,2014,4,thursday,11,13,18,19,20,36,15
2960,09/06/2014,6,2014,1,monday,10,12,14,26,33,40,6
2961,12/06/2014,6,2014,4,thursday,8,13,29,31,39,40,21
2962,16/06/2014,6,2014,1,monday,1,19,22,31,34,44,43
2963,19/06/2014,6,2014,4,thursday,4,7,11,27,39,43,37
2964,23/06/2014,6,2014,1,monday,4,29,30,35,37,38,10
2965,26/06/2014,6,2014,4,thursday,17,25,29,34,39,44,38
2966,30/06/2014,6,2014,1,monday,2,9,11,12,22,37,26
2967,03/07/2014,7,2014,4,thursday,8,24,26,28,40,43,29
2968,07/07/2014,7,2014,1,monday,9,21,29,38,44,45,10
2969,10/07/2014,7,2014,4,thursday,5,11,16,32,37,43,15
2970,14/07/2014,7,2014,1,monday,2,3,6,19,23,24,31
2971,17/07/2014,7,2014,4,thursday,6,11,20,28,35,38,34
2972,21/07/2014,7,2014,1,monday,21,22,25,32,33,36,40
2973,24/07/2014,7,2014,4,thursday,1,5,16,34,38,45,13
2974,28/07/2014,7,2014,1,monday,11,12,16,22,23,27,10
2975,01/08/2014,8,2014,5,thursday,3,17,37,40,41,42,15
2976,04/08/2014,8,2014,1,monday,3,7,18,30,37,44,17
2977,07/08/2014,8,2014,4,thursday,3,4,8,17,19,33,9
2978,11/08/2014,8,2014,1,monday,1,7,9,24,25,31,28
2979,14/08/2014,8,2014,4,thursday,15,16,19,32,34,44,41
2980,18/08/2014,8,2014,1,monday,16,18,19,21,37,39,32
2981,21/08/2014,8,2014,4,thursday,3,4,16,18,19,42,13
2982,25/08/2014,8,2014,1,monday,10,11,14,20,40,42,8
2983,28/08/2014,8,2014,4,thursday,13,19,20,24,39,43,17
2984,01/09/2014,9,2014,1,monday,4,9,32,37,40,44,10
2985,04/09/2014,9,2014,4,thursday,15,16,17,27,31,42,30
2986,08/09/2014,9,2014,1,monday,3,14,22,30,37,42,41
2987,11/09/2014,9,2014,4,thursday,2,13,18,19,33,36,23
2988,15/09/2014,9,2014,1,monday,5,6,14,22,30,39,18
2989,18/09/2014,9,2014,4,thursday,2,6,10,20,21,23,42
2990,22/09/2014,9,2014,1,monday,9,17,18,27,29,36,31
2991,25/09/2014,9,2014,4,thursday,12,15,21,26,29,36,7
2992,29/09/2014,9,2014,1,monday,8,13,21,22,28,37,12
2993,02/10/2014,10,2014,4,thursday,1,6,26,40,41,45,10
2994,06/10/2014,10,2014,1,monday,5,12,13,25,33,34,45
2995,09/10/2014,10,2014,4,thursday,11,12,25,28,34,47,15
2996,13/10/2014,10,2014,1,monday,19,28,31,43,45,48,41
2997,16/10/2014,10,2014,4,thursday,4,9,31,34,40,44,35
2998,20/10/2014,10,2014,1,monday,8,11,17,21,41,49,35
2999,23/10/2014,10,2014,4,thursday,5,22,25,28,33,34,32
3000,27/10/2014,10,2014,1,monday,5,20,27,38,42,44,41
3001,30/10/2014,10,2014,4,thursday,12,19,26,42,45,46,23
3002,03/11/2014,11,2014,1,monday,31,32,38,39,40,47,7
3003,06/11/2014,11,2014,4,thursday,2,22,24,38,46,47,9
3004,10/11/2014,11,2014,1,monday,2,16,19,29,33,42,34
3005,13/11/2014,11,2014,4,thursday,9,15,17,23,27,49,3
3006,17/11/2014,11,2014,1,monday,2,10,11,15,40,46,8
3007,20/11/2014,11,2014,4,thursday,2,3,5,19,25,36,16
3008,24/11/2014,11,2014,1,monday,4,6,14,20,36,43,35
3009,27/11/2014,11,2014,4,thursday,5,9,18,28,44,49,24
3010,01/12/2014,12,2014,1,monday,1,6,7,23,30,45,16
3011,04/12/2014,12,2014,4,thursday,10,17,24,31,37,40,35
3012,08/12/2014,12,2014,1,monday,17,21,28,29,39,47,46
3013,11/12/2014,12,2014,4,thursday,19,26,33,37,38,40,12
3014,15/12/2014,12,2014,1,monday,5,12,16,22,26,46,23
3015,18/12/2014,12,2014,4,thursday,9,11,13,21,27,30,42
3016,22/12/2014,12,2014,1,monday,5,10,19,32,38,44,12
3017,25/12/2014,12,2014,4,thursday,1,5,15,24,25,42,46
3018,29/12/2014,12,2014,1,monday,1,4,27,42,44,47,18
3019,01/01/2015,1,2015,4,thursday,1,4,18,31,48,49,21
3020,05/01/2015,1,2015,1,monday,1,22,27,34,35,37,20
3021,08/01/2015,1,2015,4,thursday,5,7,9,15,34,38,21
3022,12/01/2015,1,2015,1,monday,25,32,41,43,47,48,7
3023,15/01/2015,1,2015,4,thursday,2,3,9,16,33,37,46
3024,19/01/2015,1,2015,1,monday,21,24,25,31,33,36,13
3025,22/01/2015,1,2015,4,thursday,5,12,26,31,40,47,25
3026,26/01/2015,1,2015,1,monday,6,23,24,30,36,46,31
3027,29/01/2015,1,2015,4,thursday,6,15,38,40,45,49,27
3028,02/02/2015,2,2015,1,monday,8,18,20,29,39,41,38
3029,05/02/2015,2,2015,4,thursday,8,10,25,31,45,48,2
3030,09/02/2015,2,2015,1,monday,4,15,22,31,32,36,6
3031,12/02/2015,2,2015,4,thursday,12,13,26,32,42,47,39
3032,16/02/2015,2,2015,1,monday,19,22,33,36,37,46,8
3033,19/02/2015,2,2015,4,thursday,2,17,22,36,37,45,23
3034,23/02/2015,2,2015,1,monday,1,5,14,18,24,26,29
3035,27/02/2015,2,2015,5,thursday,2,13,19,28,41,42,14
3036,02/03/2015,3,2015,1,monday,7,12,24,27,35,44,20
3037,05/03/2015,3,2015,4,thursday,5,10,11,38,44,47,20
3038,09/03/2015,3,2015,1,monday,9,11,38,39,44,47,3
3039,12/03/2015,3,2015,4,thursday,14,15,19,20,36,47,10
3040,16/03/2015,3,2015,1,monday,7,10,19,41,43,45,31
3041,19/03/2015,3,2015,4,thursday,3,15,26,29,38,45,49
3042,23/03/2015,3,2015,1,monday,1,5,14,23,40,49,33
3043,26/03/2015,3,2015,4,thursday,5,21,30,33,39,47,43
3044,30/03/2015,3,2015,1,monday,11,12,30,38,45,47,6
3045,02/04/2015,4,2015,4,thursday,11,19,22,29,42,46,2
3046,06/04/2015,4,2015,1,monday,3,18,21,42,45,49,25
3047,09/04/2015,4,2015,4,thursday,6,12,21,24,25,43,29
3048,13/04/2015,4,2015,1,monday,6,13,31,32,40,43,3
3049,16/04/2015,4,2015,4,thursday,3,4,18,32,35,48,6
3050,20/04/2015,4,2015,1,monday,9,16,17,25,27,36,7
3051,23/04/2015,4,2015,4,thursday,1,9,15,28,42,45,40
3052,27/04/2015,4,2015,1,monday,2,14,30,31,46,47,12
3053,30/04/2015,4,2015,4,thursday,18,19,28,37,46,48,4
3054,04/05/2015,5,2015,1,monday,6,11,17,22,25,36,42
3055,07/05/2015,5,2015,4,thursday,8,10,17,24,32,43,26
3056,11/05/2015,5,2015,1,monday,3,6,7,20,21,23,33
3057,14/05/2015,5,2015,4,thursday,8,17,19,45,47,48,14
3058,18/05/2015,5,2015,1,monday,17,23,32,33,41,45,15
3059,21/05/2015,5,2015,4,thursday,6,20,22,35,36,41,8
3060,25/05/2015,5,2015,1,monday,13,17,19,24,26,43,25
3061,28/05/2015,5,2015,4,thursday,5,13,20,26,31,38,6
3062,01/06/2015,6,2015,1,monday,5,9,14,29,32,36,28
3063,04/06/2015,6,2015,4,thursday,3,6,8,14,18,41,31
3064,08/06/2015,6,2015,1,monday,20,31,35,38,42,49,46
3065,11/06/2015,6,2015,4,thursday,7,11,13,16,38,46,41
3066,15/06/2015,6,2015,1,monday,9,21,26,27,29,48,20
3067,18/06/2015,6,2015,4,thursday,5,20,28,35,39,46,15
3068,22/06/2015,6,2015,1,monday,3,18,22,33,47,49,9
3069,25/06/2015,6,2015,4,thursday,14,29,36,38,39,41,20
3070,29/06/2015,6,2015,1,monday,2,14,15,26,29,31,8
3071,02/07/2015,7,2015,4,thursday,7,12,13,21,30,32,5
3072,06/07/2015,7,2015,1,monday,1,6,9,18,21,35,26
3073,09/07/2015,7,2015,4,thursday,5,24,33,38,42,44,49
3074,13/07/2015,7,2015,1,monday,31,33,34,35,37,42,6
3075,16/07/2015,7,2015,4,thursday,2,10,30,32,42,48,19
3076,20/07/2015,7,2015,1,monday,3,17,25,28,34,46,27
3077,23/07/2015,7,2015,4,thursday,4,13,18,24,34,37,48
3078,27/07/2015,7,2015,1,monday,6,9,40,42,43,46,37
3079,30/07/2015,7,2015,4,thursday,2,10,13,21,25,49,7
3080,03/08/2015,8,2015,1,monday,18,21,23,25,26,41,40
3081,06/08/2015,8,2015,4,thursday,11,15,20,33,38,40,8
3082,10/08/2015,8,2015,1,monday,6,7,8,12,37,45,1
3083,13/08/2015,8,2015,4,thursday,8,10,12,34,38,48,19
3084,17/08/2015,8,2015,1,monday,2,6,20,21,27,36,31
3085,20/08/2015,8,2015,4,thursday,3,14,19,33,38,41,22
3086,24/08/2015,8,2015,1,monday,5,7,8,23,29,33,42
3087,27/08/2015,8,2015,4,thursday,13,16,19,23,25,48,11
3088,31/08/2015,8,2015,1,monday,5,8,9,12,18,48,24
3089,03/09/2015,9,2015,4,thursday,1,9,10,23,24,32,5
3090,07/09/2015,9,2015,1,monday,1,3,12,15,26,31,16
3091,10/09/2015,9,2015,4,thursday,27,33,38,39,41,47,35
3092,14/09/2015,9,2015,1,monday,3,13,14,19,25,31,47
3093,17/09/2015,9,2015,4,thursday,5,8,20,30,35,49,12
3094,21/09/2015,9,2015,1,monday,8,9,10,19,28,33,24
3095,24/09/2015,9,2015,4,thursday,8,16,25,29,31,40,11
3096,28/09/2015,9,2015,1,monday,12,32,35,40,41,47,25
3097,01/10/2015,10,2015,4,thursday,3,6,15,27,36,41,49
3098,05/10/2015,10,2015,1,monday,1,4,7,20,26,28,18
3099,08/10/2015,10,2015,4,thursday,6,8,15,20,25,45,22
3100,12/10/2015,10,2015,1,monday,6,11,17,28,41,48,19
3101,15/10/2015,10,2015,4,thursday,7,14,23,25,28,33,31
3102,19/10/2015,10,2015,1,monday,10,13,27,36,39,45,47
3103,22/10/2015,10,2015,4,thursday,5,16,22,29,48,49,27
3104,26/10/2015,10,2015,1,monday,1,5,22,28,48,49,8
3105,29/10/2015,10,2015,4,thursday,7,9,18,26,36,46,43
3106,02/11/2015,11,2015,1,monday,1,10,18,27,35,48,30
3107,05/11/2015,11,2015,4,thursday,2,26,27,28,37,47,17
3108,09/11/2015,11,2015,1,monday,3,17,36,40,48,49,12
3109,12/11/2015,11,2015,4,thursday,8,10,11,12,33,41,1
3110,16/11/2015,11,2015,1,monday,3,5,18,41,46,48,40
3111,19/11/2015,11,2015,4,thursday,1,14,19,37,40,47,9
3112,23/11/2015,11,2015,1,monday,5,31,36,39,44,46,43
3113,26/11/2015,11,2015,4,thursday,2,24,34,43,44,46,28
3114,30/11/2015,11,2015,1,monday,11,31,35,37,44,46,42
3115,03/12/2015,12,2015,4,thursday,17,20,34,37,43,48,32
3116,07/12/2015,12,2015,1,monday,5,24,26,36,44,49,19
3117,10/12/2015,12,2015,4,thursday,4,8,11,39,44,46,29
3118,14/12/2015,12,2015,1,monday,6,21,25,29,33,40,31
3119,17/12/2015,12,2015,4,thursday,2,12,17,19,20,33,27
3120,21/12/2015,12,2015,1,monday,11,14,18,22,35,43,28
3121,24/12/2015,12,2015,4,thursday,10,20,21,27,33,46,37
3122,28/12/2015,12,2015,1,monday,7,15,16,17,35,47,41
3123,31/12/2015,12,2015,4,thursday,9,21,23,35,38,41,36
3124,04/01/2016,1,2016,1,monday,3,9,18,28,31,46,32
3125,07/01/2016,1,2016,4,thursday,3,5,6,20,21,45,33
3126,11/01/2016,1,2016,1,monday,13,20,22,29,36,37,33
3127,14/01/2016,1,2016,4,thursday,1,2,4,7,28,41,18
3128,18/01/2016,1,2016,1,monday,4,11,40,43,48,49,17
3129,21/01/2016,1,2016,4,thursday,2,11,23,24,33,44,28
3130,25/01/2016,1,2016,1,monday,16,17,19,35,40,48,37
3131,28/01/2016,1,2016,4,thursday,4,20,22,40,41,48,21
3132,01/02/2016,2,2016,1,monday,9,10,11,22,23,32,6
3133,04/02/2016,2,2016,4,thursday,2,21,26,34,39,49,3
3134,08/02/2016,2,2016,1,monday,13,14,16,21,24,42,7
3135,11/02/2016,2,2016,4,thursday,7,8,17,39,46,49,13
3136,15/02/2016,2,2016,1,monday,3,5,29,40,43,49,21
3137,19/02/2016,2,2016,5,thursday,16,18,20,21,27,49,23
3138,22/02/2016,2,2016,1,monday,10,18,22,37,39,40,46
3139,25/02/2016,2,2016,4,thursday,7,14,17,23,35,49,31
3140,29/02/2016,2,2016,1,monday,8,11,15,17,28,47,18
3141,03/03/2016,3,2016,4,thursday,6,14,24,33,38,41,25
3142,07/03/2016,3,2016,1,monday,9,18,30,33,45,47,25
3143,10/03/2016,3,2016,4,thursday,25,29,32,33,34,49,13
3144,14/03/2016,3,2016,1,monday,8,10,24,29,31,33,4
3145,17/03/2016,3,2016,4,thursday,2,3,20,21,30,33,12
3146,21/03/2016,3,2016,1,monday,8,12,20,39,43,47,9
3147,24/03/2016,3,2016,4,thursday,4,9,28,35,38,44,36
3148,28/03/2016,3,2016,1,monday,8,9,15,28,36,39,33
3149,31/03/2016,3,2016,4,thursday,20,21,22,31,39,46,32
3150,04/04/2016,4,2016,1,monday,10,15,22,28,34,38,12
3151,07/04/2016,4,2016,4,thursday,1,7,30,32,38,46,23
3152,11/04/2016,4,2016,1,monday,9,13,16,18,48,49,42
3153,14/04/2016,4,2016,4,thursday,3,4,19,26,28,34,30
3154,18/04/2016,4,2016,1,monday,11,14,21,28,30,39,49
3155,21/04/2016,4,2016,4,thursday,13,14,19,32,33,48,42
3156,25/04/2016,4,2016,1,monday,1,3,4,22,37,41,31
3157,28/04/2016,4,2016,4,thursday,3,20,26,31,34,40,30
3158,02/05/2016,5,2016,1,monday,6,7,8,9,14,19,48
3159,05/05/2016,5,2016,4,thursday,9,20,23,46,48,49,42
3160,09/05/2016,5,2016,1,monday,1,12,26,29,39,49,42
3161,12/05/2016,5,2016,4,thursday,1,4,23,40,46,48,34
3162,16/05/2016,5,2016,1,monday,1,10,24,26,36,47,4
3163,19/05/2016,5,2016,4,thursday,2,17,19,23,32,49,33
3164,23/05/2016,5,2016,1,monday,7,12,20,24,30,31,43
3165,26/05/2016,5,2016,4,thursday,7,15,19,31,32,40,47
3166,30/05/2016,5,2016,1,monday,8,12,24,33,35,39,22
3167,02/06/2016,6,2016,4,thursday,1,15,23,25,33,42,44
3168,06/06/2016,6,2016,1,monday,2,7,12,19,29,36,20
3169,09/06/2016,6,2016,4,thursday,12,21,27,28,35,43,47
3170,13/06/2016,6,2016,1,monday,6,18,22,24,26,30,36
3171,16/06/2016,6,2016,4,thursday,5,11,30,36,44,46,16
3172,20/06/2016,6,2016,1,monday,4,6,14,18,19,35,42
3173,23/06/2016,6,2016,4,thursday,1,3,5,8,20,44,22
3174,27/06/2016,6,2016,1,monday,1,12,13,14,38,40,34
3175,30/06/2016,6,2016,4,thursday,11,12,15,16,21,32,47
3176,04/07/2016,7,2016,1,monday,11,18,26,27,34,46,22
3177,07/07/2016,7,2016,4,thursday,4,6,13,15,21,30,49
3178,11/07/2016,7,2016,1,monday,7,21,22,30,35,39,19
3179,14/07/2016,7,2016,4,thursday,2,11,14,16,31,44,19
3180,18/07/2016,7,2016,1,monday,8,11,22,35,36,46,43
3181,21/07/2016,7,2016,4,thursday,2,14,18,27,31,44,26
3182,25/07/2016,7,2016,1,monday,6,26,38,40,44,49,16
3183,28/07/2016,7,2016,4,thursday,4,6,8,15,29,36,9
3184,01/08/2016,8,2016,1,monday,6,14,24,36,37,39,27
3185,04/08/2016,8,2016,4,thursday,1,8,29,31,37,42,23
3186,08/08/2016,8,2016,1,monday,4,9,23,26,34,44,21
3187,11/08/2016,8,2016,4,thursday,13,22,30,32,45,46,29
3188,15/08/2016,8,2016,1,monday,3,16,18,31,35,38,29
3189,18/08/2016,8,2016,4,thursday,2,10,11,21,26,36,18
3190,22/08/2016,8,2016,1,monday,1,10,35,36,41,49,48
3191,25/08/2016,8,2016,4,thursday,5,6,11,25,35,40,44
3192,29/08/2016,8,2016,1,monday,11,19,23,32,48,49,34
3193,01/09/2016,9,2016,4,thursday,3,4,12,15,28,48,8
3194,05/09/2016,9,2016,1,monday,3,9,14,21,32,40,7
3195,08/09/2016,9,2016,4,thursday,4,6,11,13,26,31,17
3196,12/09/2016,9,2016,1,monday,3,10,18,22,48,49,41
3197,15/09/2016,9,2016,4,thursday,2,20,21,25,27,38,28
3198,19/09/2016,9,2016,1,monday,14,17,26,31,41,45,30
3199,22/09/2016,9,2016,4,thursday,8,11,28,34,40,46,48
3200,26/09/2016,9,2016,1,monday,6,9,15,27,37,48,24
3201,29/09/2016,9,2016,4,thursday,1,3,4,24,34,48,29
3202,03/10/2016,10,2016,1,monday,6,9,14,27,28,46,2
3203,06/10/2016,10,2016,4,thursday,6,13,19,25,26,39,35
3204,10/10/2016,10,2016,1,monday,3,18,24,30,35,49,44
3205,13/10/2016,10,2016,4,thursday,16,20,31,32,40,41,13
3206,17/10/2016,10,2016,1,monday,3,7,9,27,39,44,48
3207,20/10/2016,10,2016,4,thursday,5,14,20,23,36,49,30
3208,24/10/2016,10,2016,1,monday,2,15,18,24,34,35,48
3209,27/10/2016,10,2016,4,thursday,3,5,8,21,40,46,30
3210,31/10/2016,10,2016,1,monday,14,19,24,32,36,42,35
3211,03/11/2016,11,2016,4,thursday,1,11,19,26,35,39,14
3212,07/11/2016,11,2016,1,monday,1,13,21,41,48,49,22
3213,10/11/2016,11,2016,4,thursday,17,22,26,34,41,47,42
3214,14/11/2016,11,2016,1,monday,8,10,15,31,38,40,19
3215,17/11/2016,11,2016,4,thursday,1,21,31,36,39,43,38
3216,21/11/2016,11,2016,1,monday,4,21,25,40,47,48,49
3217,24/11/2016,11,2016,4,thursday,2,3,17,19,22,40,20
3218,28/11/2016,11,2016,1,monday,2,4,15,24,37,48,6
3219,01/12/2016,12,2016,4,thursday,3,4,8,19,24,46,12
3220,05/12/2016,12,2016,1,monday,5,9,11,19,24,37,36
3221,08/12/2016,12,2016,4,thursday,6,8,11,24,37,46,23
3222,12/12/2016,12,2016,1,monday,2,14,31,36,43,46,39
3223,15/12/2016,12,2016,4,thursday,4,18,24,39,46,47,10
3224,19/12/2016,12,2016,1,monday,10,11,24,27,36,49,43
3225,22/12/2016,12,2016,4,thursday,3,28,37,38,44,47,46
3226,26/12/2016,12,2016,1,monday,8,10,18,25,28,46,23
3227,29/12/2016,12,2016,4,thursday,2,4,34,36,42,46,15
3228,02/01/2017,1,2017,1,monday,1,18,22,35,38,49,30
3229,05/01/2017,1,2017,4,thursday,7,15,20,33,39,44,43
3230,09/01/2017,1,2017,1,monday,8,29,33,34,42,49,21
3231,12/01/2017,1,2017,4,thursday,3,6,12,25,40,43,42
3232,16/01/2017,1,2017,1,monday,2,7,17,21,35,42,16
3233,19/01/2017,1,2017,4,thursday,5,8,16,44,48,49,32
3234,23/01/2017,1,2017,1,monday,5,14,23,28,45,49,39
3235,26/01/2017,1,2017,4,thursday,8,12,16,19,22,46,6
3236,30/01/2017,1,2017,1,monday,21,22,25,27,32,39,6
3237,02/02/2017,2,2017,4,thursday,11,20,21,29,37,48,23
3238,06/02/2017,2,2017,1,monday,9,14,17,25,30,36,44
3239,10/02/2017,2,2017,5,thursday,2,7,24,27,29,34,21
3240,13/02/2017,2,2017,1,monday,7,10,19,23,24,33,3
3241,16/02/2017,2,2017,4,thursday,8,17,31,43,44,48,46
3242,20/02/2017,2,2017,1,monday,2,6,13,17,23,46,3
3243,23/02/2017,2,2017,4,thursday,7,8,9,28,41,42,29
3244,27/02/2017,2,2017,1,monday,22,25,27,29,35,49,31
3245,02/03/2017,3,2017,4,thursday,8,14,20,35,36,41,38
3246,06/03/2017,3,2017,1,monday,16,22,28,36,39,47,3
3247,09/03/2017,3,2017,4,thursday,2,6,9,17,26,46,13
3248,13/03/2017,3,2017,1,monday,6,28,30,35,39,42,33
3249,16/03/2017,3,2017,4,thursday,2,9,15,19,20,37,29
3250,20/03/2017,3,2017,1,monday,6,20,30,41,42,45,35
3251,23/03/2017,3,2017,4,thursday,5,13,18,25,28,44,16
3252,27/03/2017,3,2017,1,monday,1,27,28,40,41,44,36
3253,30/03/2017,3,2017,4,thursday,28,34,38,39,42,46,24
3254,03/04/2017,4,2017,1,monday,1,28,30,32,40,48,31
3255,06/04/2017,4,2017,4,thursday,10,12,20,27,43,46,26
3256,10/04/2017,4,2017,1,monday,13,19,20,23,29,31,48
3257,13/04/2017,4,2017,4,thursday,7,9,16,27,32,47,36
3258,17/04/2017,4,2017,1,monday,12,17,25,28,36,44,3
3259,20/04/2017,4,2017,4,thursday,2,12,25,28,37,38,22
3260,24/04/2017,4,2017,1,monday,2,8,22,31,32,35,36
3261,27/04/2017,4,2017,4,thursday,4,7,15,31,32,43,37
3262,01/05/2017,5,2017,1,monday,8,17,24,29,32,45,14
3263,04/05/2017,5,2017,4,thursday,4,13,14,36,41,43,45
3264,08/05/2017,5,2017,1,monday,5,21,29,30,38,45,1
3265,11/05/2017,5,2017,4,thursday,8,9,12,18,27,45,13
3266,15/05/2017,5,2017,1,monday,8,14,16,23,24,27,5
3267,18/05/2017,5,2017,4,thursday,4,23,43,44,46,48,16
3268,22/05/2017,5,2017,1,monday,21,24,31,34,37,44,45
3269,25/05/2017,5,2017,4,thursday,3,8,11,32,44,46,12
3270,29/05/2017,5,2017,1,monday,13,15,16,27,36,47,24
3271,01/06/2017,6,2017,4,thursday,9,15,17,22,44,46,2
3272,05/06/2017,6,2017,1,monday,15,21,23,24,39,40,18
3273,08/06/2017,6,2017,4,thursday,5,7,22,25,34,40,1
3274,12/06/2017,6,2017,1,monday,9,10,19,21,23,43,15
3275,15/06/2017,6,2017,4,thursday,20,21,23,37,39,47,31
3276,19/06/2017,6,2017,1,monday,1,23,30,34,40,42,14
3277,22/06/2017,6,2017,4,thursday,4,5,12,20,47,49,25
3278,26/06/2017,6,2017,1,monday,14,20,21,23,25,37,15
3279,29/06/2017,6,2017,4,thursday,2,9,13,16,29,40,46
3280,03/07/2017,7,2017,1,monday,5,7,9,27,31,34,40
3281,06/07/2017,7,2017,4,thursday,2,4,7,26,40,47,35
3282,10/07/2017,7,2017,1,monday,11,16,31,35,46,48,41
3283,13/07/2017,7,2017,4,thursday,24,30,33,34,47,49,12
3284,17/07/2017,7,2017,1,monday,9,11,16,20,27,46,39
3285,20/07/2017,7,2017,4,thursday,8,11,35,39,41,43,13
3286,24/07/2017,7,2017,1,monday,2,22,23,32,35,41,7
3287,27/07/2017,7,2017,4,thursday,14,20,24,33,37,41,18
3288,31/07/2017,7,2017,1,monday,11,13,14,16,30,43,47
3289,03/08/2017,8,2017,4,thursday,14,19,22,27,32,36,40
3290,07/08/2017,8,2017,1,monday,5,17,34,40,42,46,22
3291,10/08/2017,8,2017,4,thursday,1,31,39,45,46,49,34
3292,14/08/2017,8,2017,1,monday,2,8,17,22,39,46,6
3293,17/08/2017,8,2017,4,thursday,11,15,29,39,41,47,25
3294,21/08/2017,8,2017,1,monday,4,7,12,18,42,47,41
3295,24/08/2017,8,2017,4,thursday,11,17,26,30,32,39,33
3296,28/08/2017,8,2017,1,monday,1,21,29,35,39,46,8
3297,31/08/2017,8,2017,4,thursday,3,36,39,40,44,47,14
3298,04/09/2017,9,2017,1,monday,10,11,22,36,38,46,13
3299,07/09/2017,9,2017,4,thursday,13,19,20,21,32,49,27
3300,11/09/2017,9,2017,1,monday,7,14,17,18,44,48,2
3301,14/09/2017,9,2017,4,thursday,12,15,29,36,40,45,16
3302,18/09/2017,9,2017,1,monday,3,15,22,24,32,43,35
3303,21/09/2017,9,2017,4,thursday,9,14,15,28,35,37,2
3304,25/09/2017,9,2017,1,monday,7,18,26,34,41,48,8
3305,28/09/2017,9,2017,4,thursday,11,12,26,27,29,33,10
3306,02/10/2017,10,2017,1,monday,2,8,17,18,23,42,1
3307,05/10/2017,10,2017,4,thursday,9,19,23,36,40,44,20
3308,09/10/2017,10,2017,1,monday,6,14,17,40,43,49,48
3309,12/10/2017,10,2017,4,thursday,6,14,17,21,22,37,15
3310,16/10/2017,10,2017,1,monday,6,11,12,34,36,49,3
3311,19/10/2017,10,2017,4,thursday,2,4,15,20,26,28,24
3312,23/10/2017,10,2017,1,monday,2,9,23,35,38,48,20
3313,26/10/2017,10,2017,4,thursday,3,10,25,32,36,37,6
3314,30/10/2017,10,2017,1,monday,8,20,30,43,46,48,18
3315,02/11/2017,11,2017,4,thursday,7,17,18,30,32,47,39
3316,06/11/2017,11,2017,1,monday,2,8,11,15,19,32,47
3317,09/11/2017,11,2017,4,thursday,22,31,33,41,44,47,24
3318,13/11/2017,11,2017,1,monday,3,19,21,35,37,44,26
3319,16/11/2017,11,2017,4,thursday,11,13,16,27,34,48,30
3320,20/11/2017,11,2017,1,monday,9,11,13,18,20,34,27
3321,23/11/2017,11,2017,4,thursday,11,14,41,46,47,49,48
3322,27/11/2017,11,2017,1,monday,7,8,23,30,42,48,38
3323,30/11/2017,11,2017,4,thursday,17,22,29,36,38,47,46
3324,04/12/2017,12,2017,1,monday,4,5,19,38,39,40,26
3325,07/12/2017,12,2017,4,thursday,9,10,25,37,45,46,40
3326,11/12/2017,12,2017,1,monday,5,12,37,39,42,43,15
3327,14/12/2017,12,2017,4,thursday,1,9,13,33,41,48,21
3328,18/12/2017,12,2017,1,monday,2,6,10,19,31,35,34
3329,21/12/2017,12,2017,4,thursday,1,2,26,27,35,43,23
3330,25/12/2017,12,2017,1,monday,6,7,14,17,19,29,46
3331,28/12/2017,12,2017,4,thursday,1,3,5,16,27,40,26
3332,01/01/2018,1,2018,1,monday,3,9,16,34,45,46,49
3333,05/01/2018,1,2018,5,thursday,3,4,13,19,23,47,5
3334,08/01/2018,1,2018,1,monday,6,10,18,36,44,45,46
3335,11/01/2018,1,2018,4,thursday,22,24,25,40,45,49,3
3336,15/01/2018,1,2018,1,monday,1,2,6,28,29,49,17
3337,18/01/2018,1,2018,4,thursday,2,6,12,17,26,40,44
3338,22/01/2018,1,2018,1,monday,1,2,15,29,32,49,11
3339,25/01/2018,1,2018,4,thursday,1,15,23,25,34,47,2
3340,29/01/2018,1,2018,1,monday,7,14,25,32,44,48,19
3341,01/02/2018,2,2018,4,thursday,4,15,20,22,29,32,8
3342,05/02/2018,2,2018,1,monday,25,33,38,40,42,48,27
3343,09/02/2018,2,2018,5,thursday,8,15,16,23,40,49,18
3344,12/02/2018,2,2018,1,monday,12,14,19,23,37,41,3
3345,15/02/2018,2,2018,4,thursday,16,18,30,31,36,41,1
3346,19/02/2018,2,2018,1,monday,10,21,29,34,37,43,28
3347,22/02/2018,2,2018,4,thursday,4,12,13,15,35,46,21
3348,26/02/2018,2,2018,1,monday,4,9,13,15,40,44,48
3349,02/03/2018,3,2018,5,thursday,24,28,31,37,40,49,29
3350,05/03/2018,3,2018,1,monday,6,15,16,30,32,39,19
3351,08/03/2018,3,2018,4,thursday,2,10,14,24,28,40,21
3352,12/03/2018,3,2018,1,monday,9,12,15,16,29,44,2
3353,15/03/2018,3,2018,4,thursday,9,16,23,25,34,40,47
3354,19/03/2018,3,2018,1,monday,3,18,31,39,43,46,29
3355,22/03/2018,3,2018,4,thursday,5,6,13,21,27,47,42
3356,26/03/2018,3,2018,1,monday,6,13,14,27,32,36,29
3357,29/03/2018,3,2018,4,thursday,11,15,17,21,27,33,10
3358,02/04/2018,4,2018,1,monday,3,12,30,39,43,48,20
3359,05/04/2018,4,2018,4,thursday,3,5,21,30,32,40,34
3360,09/04/2018,4,2018,1,monday,18,36,40,41,43,49,28
3361,12/04/2018,4,2018,4,thursday,1,7,15,27,32,38,45
3362,16/04/2018,4,2018,1,monday,14,22,25,27,28,29,1
3363,19/04/2018,4,2018,4,thursday,18,22,32,35,36,44,38
3364,23/04/2018,4,2018,1,monday,1,30,32,36,37,41,16
3365,26/04/2018,4,2018,4,thursday,5,14,17,25,28,46,39
3366,30/04/2018,4,2018,1,monday,7,13,18,21,32,35,14
3367,03/05/2018,5,2018,4,thursday,14,23,28,30,32,48,8
3368,07/05/2018,5,2018,1,monday,2,7,12,15,23,44,34
3369,10/05/2018,5,2018,4,thursday,4,14,35,38,45,47,13
3370,14/05/2018,5,2018,1,monday,17,24,29,45,46,49,5
3371,17/05/2018,5,2018,4,thursday,7,21,25,29,35,37,13
3372,21/05/2018,5,2018,1,monday,8,10,16,30,37,44,17
3373,24/05/2018,5,2018,4,thursday,11,25,26,34,36,42,16
3374,28/05/2018,5,2018,1,monday,5,9,27,28,30,44,2
3375,31/05/2018,5,2018,4,thursday,11,13,24,26,47,49,33
3376,04/06/2018,6,2018,1,monday,20,22,31,37,43,45,27
3377,07/06/2018,6,2018,4,thursday,12,20,29,31,37,39,42
3378,11/06/2018,6,2018,1,monday,16,25,30,37,44,49,34
3379,14/06/2018,6,2018,4,thursday,4,29,31,35,42,48,1
3380,18/06/2018,6,2018,1,monday,11,15,22,23,26,43,25
3381,21/06/2018,6,2018,4,thursday,4,6,15,24,30,35,46
3382,25/06/2018,6,2018,1,monday,2,5,25,38,44,48,9
3383,28/06/2018,6,2018,4,thursday,2,7,22,27,40,47,48
3384,02/07/2018,7,2018,1,monday,12,13,26,33,35,38,23
3385,05/07/2018,7,2018,4,thursday,8,11,28,30,32,34,39
3386,09/07/2018,7,2018,1,monday,6,23,31,38,39,43,33
3387,12/07/2018,7,2018,4,thursday,4,15,25,32,40,41,10
3388,16/07/2018,7,2018,1,monday,4,8,19,24,32,47,22
3389,19/07/2018,7,2018,4,thursday,13,14,23,35,37,46,45
3390,23/07/2018,7,2018,1,monday,2,23,26,28,39,40,12
3391,26/07/2018,7,2018,4,thursday,1,9,13,17,28,40,37
3392,30/07/2018,7,2018,1,monday,8,10,19,20,41,43,7
3393,02/08/2018,8,2018,4,thursday,1,10,15,27,41,46,35
3394,06/08/2018,8,2018,1,monday,7,18,20,27,36,40,15
3395,09/08/2018,8,2018,4,thursday,13,16,20,23,39,42,28
3396,13/08/2018,8,2018,1,monday,1,3,6,16,22,36,17
3397,16/08/2018,8,2018,4,thursday,22,23,25,32,33,36,20
3398,20/08/2018,8,2018,1,monday,9,10,25,38,40,42,2
3399,23/08/2018,8,2018,4,thursday,2,3,23,30,39,41,19
3400,27/08/2018,8,2018,1,monday,5,6,16,24,26,29,38
3401,30/08/2018,8,2018,4,thursday,3,9,27,29,31,40,46
3402,03/09/2018,9,2018,1,monday,4,5,13,18,39,40,3
3403,06/09/2018,9,2018,4,thursday,2,15,17,20,23,30,45
3404,10/09/2018,9,2018,1,monday,2,6,9,15,40,43,18
3405,13/09/2018,9,2018,4,thursday,6,16,17,40,44,48,34
3406,17/09/2018,9,2018,1,monday,16,21,22,24,25,27,1
3407,20/09/2018,9,2018,4,thursday,5,12,18,30,32,38,22
3408,24/09/2018,9,2018,1,monday,6,8,17,24,29,47,34
3409,27/09/2018,9,2018,4,thursday,2,25,29,33,42,45,20
3410,01/10/2018,10,2018,1,monday,11,15,23,24,32,40,43
3411,04/10/2018,10,2018,4,thursday,5,12,23,32,37,42,43
3412,08/10/2018,10,2018,1,monday,17,18,23,39,43,49,2
3413,11/10/2018,10,2018,4,thursday,1,16,18,24,29,46,35
3414,15/10/2018,10,2018,1,monday,1,4,24,32,35,48,20
3415,18/10/2018,10,2018,4,thursday,5,14,17,31,46,48,47
3416,22/10/2018,10,2018,1,monday,5,22,24,40,43,48,2
3417,25/10/2018,10,2018,4,thursday,7,8,13,15,35,48,30
3418,29/10/2018,10,2018,1,monday,2,6,10,20,28,31,30
3419,01/11/2018,11,2018,4,thursday,6,27,28,41,44,48,15
3420,05/11/2018,11,2018,1,monday,3,8,14,28,43,49,26
3421,08/11/2018,11,2018,4,thursday,8,13,16,26,28,38,46
3422,12/11/2018,11,2018,1,monday,4,12,21,34,41,47,33
3423,15/11/2018,11,2018,4,thursday,21,25,27,36,39,44,18
3424,19/11/2018,11,2018,1,monday,2,9,14,36,46,48,5
3425,22/11/2018,11,2018,4,thursday,11,17,20,21,27,30,33
3426,26/11/2018,11,2018,1,monday,16,22,28,31,38,46,33
3427,29/11/2018,11,2018,4,thursday,4,11,19,25,40,44,1
3428,03/12/2018,12,2018,1,monday,5,6,7,29,37,38,23
3429,06/12/2018,12,2018,4,thursday,5,9,16,18,23,47,19
3430,10/12/2018,12,2018,1,monday,4,10,14,26,39,44,48
3431,13/12/2018,12,2018,4,thursday,3,11,18,23,38,47,7
3432,17/12/2018,12,2018,1,monday,15,16,30,32,44,48,46
3433,20/12/2018,12,2018,4,thursday,7,12,15,30,33,39,48
3434,24/12/2018,12,2018,1,monday,3,5,12,17,29,39,31
3435,27/12/2018,12,2018,4,thursday,9,19,20,30,35,46,23
3436,31/12/2018,12,2018,1,monday,8,13,18,28,43,49,6
3437,03/01/2019,1,2019,4,thursday,12,22,26,37,40,47,33
3438,07/01/2019,1,2019,1,monday,1,2,36,39,41,42,37
3439,11/01/2019,1,2019,5,thursday,1,2,13,18,41,47,46
3440,14/01/2019,1,2019,1,monday,10,13,21,27,34,40,41
3441,17/01/2019,1,2019,4,thursday,5,10,22,30,42,48,13
3442,21/01/2019,1,2019,1,monday,7,38,40,45,46,47,21
3443,24/01/2019,1,2019,4,thursday,3,4,18,32,41,44,34
3444,28/01/2019,1,2019,1,monday,6,11,19,33,35,38,45
3445,01/02/2019,2,2019,5,thursday,5,11,16,17,22,27,10
3446,04/02/2019,2,2019,1,monday,6,15,21,30,46,47,34
3447,07/02/2019,2,2019,4,thursday,5,7,9,11,35,49,31
3448,11/02/2019,2,2019,1,monday,9,10,15,33,39,40,41
3449,14/02/2019,2,2019,4,thursday,2,10,12,20,24,32,31
3450,18/02/2019,2,2019,1,monday,25,26,29,31,46,49,21
3451,22/02/2019,2,2019,5,thursday,5,8,14,16,34,39,23
3452,25/02/2019,2,2019,1,monday,9,12,27,28,38,44,10
3453,28/02/2019,2,2019,4,thursday,20,24,27,39,43,48,8
3454,04/03/2019,3,2019,1,monday,1,6,7,16,39,40,12
3455,07/03/2019,3,2019,4,thursday,1,2,13,29,41,43,34
3456,11/03/2019,3,2019,1,monday,6,23,26,27,34,49,32
3457,14/03/2019,3,2019,4,thursday,2,4,17,21,25,46,44
3458,18/03/2019,3,2019,1,monday,2,5,8,17,43,47,25
3459,21/03/2019,3,2019,4,thursday,2,5,12,13,15,31,36
3460,25/03/2019,3,2019,1,monday,6,13,23,26,34,37,15
3461,28/03/2019,3,2019,4,thursday,2,15,20,26,29,44,43
3462,01/04/2019,4,2019,1,monday,7,12,22,30,31,36,2
3463,04/04/2019,4,2019,4,thursday,4,17,20,21,33,39,27
3464,08/04/2019,4,2019,1,monday,9,19,20,24,28,49,36
3465,11/04/2019,4,2019,4,thursday,5,12,13,17,29,47,4
3466,15/04/2019,4,2019,1,monday,8,19,25,34,35,47,30
3467,18/04/2019,4,2019,4,thursday,6,15,28,33,45,47,43
3468,22/04/2019,4,2019,1,monday,12,13,19,23,24,44,14
3469,25/04/2019,4,2019,4,thursday,1,7,14,15,32,38,39
3470,29/04/2019,4,2019,1,monday,4,10,26,31,39,48,19
3471,02/05/2019,5,2019,4,thursday,10,15,24,35,42,47,11
3472,06/05/2019,5,2019,1,monday,5,6,13,26,32,41,18
3473,09/05/2019,5,2019,4,thursday,5,10,11,18,26,49,4
3474,13/05/2019,5,2019,1,monday,2,3,19,21,23,31,1
3475,16/05/2019,5,2019,4,thursday,5,7,9,15,38,45,29
3476,20/05/2019,5,2019,1,monday,7,18,24,46,47,48,10
3477,23/05/2019,5,2019,4,thursday,12,20,22,31,32,46,38
3478,27/05/2019,5,2019,1,monday,5,9,17,21,22,32,34
3479,30/05/2019,5,2019,4,thursday,4,12,21,30,31,44,3
3480,03/06/2019,6,2019,1,monday,3,4,12,19,27,30,31
3481,06/06/2019,6,2019,4,thursday,21,24,28,31,32,38,4
3482,10/06/2019,6,2019,1,monday,10,11,15,17,19,46,4
3483,13/06/2019,6,2019,4,thursday,1,3,10,14,22,39,24
3484,17/06/2019,6,2019,1,monday,6,20,29,36,40,43,10
3485,20/06/2019,6,2019,4,thursday,8,19,25,26,29,34,7
3486,24/06/2019,6,2019,1,monday,8,17,25,32,41,48,21
3487,27/06/2019,6,2019,4,thursday,1,4,25,36,41,47,26
3488,01/07/2019,7,2019,1,monday,5,7,27,30,38,48,15
3489,04/07/2019,7,2019,4,thursday,7,9,21,34,36,45,27
3490,08/07/2019,7,2019,1,monday,9,11,22,23,24,29,49
3491,11/07/2019,7,2019,4,thursday,6,12,28,43,45,47,16
3492,15/07/2019,7,2019,1,monday,4,15,30,35,36,43,24
3493,18/07/2019,7,2019,4,thursday,14,20,25,28,31,42,9
3494,22/07/2019,7,2019,1,monday,7,23,30,34,43,47,2
3495,25/07/2019,7,2019,4,thursday,4,5,29,30,31,33,41
3496,29/07/2019,7,2019,1,monday,4,10,24,32,37,44,31
3497,01/08/2019,8,2019,4,thursday,3,8,22,30,31,48,42
3498,05/08/2019,8,2019,1,monday,4,15,16,20,21,26,18
3499,08/08/2019,8,2019,4,thursday,1,4,5,22,27,34,41
3500,12/08/2019,8,2019,1,monday,33,34,36,37,44,49,16
3501,15/08/2019,8,2019,4,thursday,3,11,27,29,40,42,1
3502,19/08/2019,8,2019,1,monday,2,6,19,20,26,45,30
3503,22/08/2019,8,2019,4,thursday,1,14,25,28,29,38,31
3504,26/08/2019,8,2019,1,monday,7,18,23,40,44,48,35
3505,29/08/2019,8,2019,4,thursday,6,22,33,40,45,47,49
3506,02/09/2019,9,2019,1,monday,1,5,18,20,33,44,48
3507,05/09/2019,9,2019,4,thursday,17,18,27,42,47,48,37
3508,09/09/2019,9,2019,1,monday,10,19,25,36,44,49,27
3509,12/09/2019,9,2019,4,thursday,7,10,30,33,44,45,46
3510,16/09/2019,9,2019,1,monday,9,17,29,32,36,40,30
3511,19/09/2019,9,2019,4,thursday,14,22,24,31,45,47,29
3512,23/09/2019,9,2019,1,monday,9,10,25,29,41,44,43
3513,26/09/2019,9,2019,4,thursday,9,19,30,34,35,46,49
3514,30/09/2019,9,2019,1,monday,10,13,16,38,42,47,11
3515,03/10/2019,10,2019,4,thursday,1,12,24,45,46,48,29
3516,07/10/2019,10,2019,1,monday,12,13,26,36,41,46,5
3517,10/10/2019,10,2019,4,thursday,4,18,26,32,34,45,33
3518,14/10/2019,10,2019,1,monday,4,5,14,25,26,45,29
3519,17/10/2019,10,2019,4,thursday,2,35,37,42,43,47,44
3520,21/10/2019,10,2019,1,monday,5,13,28,38,47,48,40
3521,24/10/2019,10,2019,4,thursday,14,24,25,29,43,44,7
3522,28/10/2019,10,2019,1,monday,5,19,20,27,34,36,24
3523,31/10/2019,10,2019,4,thursday,13,30,33,36,44,47,14
3524,04/11/2019,11,2019,1,monday,3,8,9,38,41,44,34
3525,07/11/2019,11,2019,4,thursday,5,26,28,30,34,46,42
3526,11/11/2019,11,2019,1,monday,3,20,29,30,39,41,6
3527,14/11/2019,11,2019,4,thursday,2,9,16,21,36,49,31
3528,18/11/2019,11,2019,1,monday,1,16,17,20,21,30,29
3529,21/11/2019,11,2019,4,thursday,1,4,16,18,30,32,37
3530,25/11/2019,11,2019,1,monday,3,6,16,35,38,46,23
3531,28/11/2019,11,2019,4,thursday,6,30,34,45,46,48,32
3532,02/12/2019,12,2019,1,monday,1,14,15,25,34,35,36
3533,05/12/2019,12,2019,4,thursday,2,9,14,26,30,47,34
3534,09/12/2019,12,2019,1,monday,21,22,27,30,39,44,46
3535,12/12/2019,12,2019,4,thursday,2,22,29,33,36,45,20
3536,16/12/2019,12,2019,1,monday,4,10,22,23,40,42,7
3537,19/12/2019,12,2019,4,thursday,19,21,27,36,40,44,2
3538,23/12/2019,12,2019,1,monday,1,15,35,41,42,43,28
3539,26/12/2019,12,2019,4,thursday,8,16,20,24,25,36,13
3540,30/12/2019,12,2019,1,monday,3,12,13,35,36,40,33
3541,03/01/2020,1,2020,5,thursday,13,15,21,23,30,35,25
3542,06/01/2020,1,2020,1,monday,2,7,11,15,26,47,33
3543,09/01/2020,1,2020,4,thursday,12,24,34,38,46,47,28
3544,13/01/2020,1,2020,1,monday,2,3,4,13,16,33,14
3545,17/01/2020,1,2020,5,thursday,1,11,24,28,45,48,23
3546,20/01/2020,1,2020,1,monday,11,18,20,22,27,37,39
3547,23/01/2020,1,2020,4,thursday,9,14,36,38,40,47,30
3548,27/01/2020,1,2020,1,monday,3,32,38,43,46,48,34
3549,30/01/2020,1,2020,4,thursday,7,20,29,41,47,49,28
3550,03/02/2020,2,2020,1,monday,6,9,23,34,42,49,22
3551,07/02/2020,2,2020,5,thursday,10,15,16,21,24,49,2
3552,10/02/2020,2,2020,1,monday,8,12,15,17,32,46,20
3553,13/02/2020,2,2020,4,thursday,5,7,19,23,44,48,45
3554,17/02/2020,2,2020,1,monday,17,19,23,30,42,45,13
3555,20/02/2020,2,2020,4,thursday,7,19,26,31,34,40,6
3556,24/02/2020,2,2020,1,monday,11,24,26,29,42,47,25
3557,27/02/2020,2,2020,4,thursday,10,32,35,36,46,49,40
3558,02/03/2020,3,2020,1,monday,11,37,39,41,42,46,43
3559,05/03/2020,3,2020,4,thursday,12,14,30,37,38,40,42
3560,09/03/2020,3,2020,1,monday,4,11,14,22,29,47,6
3561,12/03/2020,3,2020,4,thursday,1,3,18,34,36,49,16
3562,16/03/2020,3,2020,1,monday,2,15,19,40,47,48,27
3563,19/03/2020,3,2020,4,thursday,8,19,27,33,37,47,18
3564,23/03/2020,3,2020,1,monday,10,30,35,39,42,49,18
3565,26/03/2020,3,2020,4,thursday,7,12,13,19,42,46,29
3566,30/03/2020,3,2020,1,monday,1,7,17,29,30,43,31
3567,02/04/2020,4,2020,4,thursday,4,11,14,23,28,47,24
3569,29/06/2020,6,2020,1,monday,3,9,17,38,39,41,13
3570,02/07/2020,7,2020,4,thursday,3,20,36,38,43,48,16
3571,06/07/2020,7,2020,1,monday,1,22,26,38,39,48,40
3572,09/07/2020,7,2020,4,thursday,8,10,12,16,21,48,41
3573,13/07/2020,7,2020,1,monday,6,22,34,35,37,43,33
3574,16/07/2020,7,2020,4,thursday,5,18,27,28,29,37,21
3575,20/07/2020,7,2020,1,monday,1,20,23,24,40,42,48
3576,23/07/2020,7,2020,4,thursday,4,12,13,20,35,36,18
3577,27/07/2020,7,2020,1,monday,4,19,25,31,34,37,32
3578,30/07/2020,7,2020,4,thursday,18,24,34,38,43,48,8
3579,03/08/2020,8,2020,1,monday,1,3,10,15,32,40,7
3580,06/08/2020,8,2020,4,thursday,10,28,35,39,41,43,44
3581,10/08/2020,8,2020,1,monday,9,19,20,29,36,43,38
3582,13/08/2020,8,2020,4,thursday,5,9,29,41,42,43,28
3583,17/08/2020,8,2020,1,monday,1,2,15,30,35,46,38
3584,20/08/2020,8,2020,4,thursday,6,15,19,26,30,48,41
3585,24/08/2020,8,2020,1,monday,1,19,24,26,37,41,22
3586,27/08/2020,8,2020,4,thursday,2,10,13,32,41,43,24
3587,31/08/2020,8,2020,1,monday,12,15,16,23,25,46,47
3588,03/09/2020,9,2020,4,thursday,4,16,27,32,44,47,9
3589,07/09/2020,9,2020,1,monday,9,11,19,22,36,45,23
3590,10/09/2020,9,2020,4,thursday,15,21,27,36,39,43,45
3591,14/09/2020,9,2020,1,monday,2,11,13,15,28,45,36
3592,17/09/2020,9,2020,4,thursday,1,3,9,19,36,39,5
3593,21/09/2020,9,2020,1,monday,13,16,17,20,27,38,26
3594,24/09/2020,9,2020,4,thursday,4,31,36,40,45,48,26
3595,28/09/2020,9,2020,1,monday,5,16,27,34,41,42,49
3596,01/10/2020,10,2020,4,thursday,7,10,11,21,26,48,13
3597,05/10/2020,10,2020,1,monday,7,10,14,15,39,44,1
3598,08/10/2020,10,2020,4,thursday,2,3,7,12,21,34,41
3599,12/10/2020,10,2020,1,monday,1,10,14,40,41,48,30
3600,15/10/2020,10,2020,4,thursday,14,27,28,31,46,48,7
3601,19/10/2020,10,2020,1,monday,9,10,11,13,20,25,15
3602,22/10/2020,10,2020,4,thursday,11,25,28,30,34,36,24
3603,26/10/2020,10,2020,1,monday,2,8,11,19,41,49,27
3604,29/10/2020,10,2020,4,thursday,10,12,27,37,39,46,13
3605,02/11/2020,11,2020,1,monday,3,36,37,44,48,49,35
3606,05/11/2020,11,2020,4,thursday,3,19,25,33,40,44,37
3607,09/11/2020,11,2020,1,monday,8,12,13,30,37,46,36
3608,12/11/2020,11,2020,4,thursday,9,11,14,22,26,35,20
3609,16/11/2020,11,2020,1,monday,1,2,20,27,36,44,17
3610,19/11/2020,11,2020,4,thursday,3,12,22,23,34,42,49
3611,23/11/2020,11,2020,1,monday,1,7,11,22,30,45,48
3612,26/11/2020,11,2020,4,thursday,2,5,8,27,35,48,29
3613,30/11/2020,11,2020,1,monday,2,3,25,33,35,49,10
3614,03/12/2020,12,2020,4,thursday,1,7,8,11,36,40,31
3615,07/12/2020,12,2020,1,monday,7,13,14,33,37,48,24
3616,10/12/2020,12,2020,4,thursday,10,17,22,23,27,33,34
3617,14/12/2020,12,2020,1,monday,6,21,29,45,47,48,15
3618,17/12/2020,12,2020,4,thursday,5,8,27,33,35,41,30
3619,21/12/2020,12,2020,1,monday,4,8,15,31,36,39,47
3620,24/12/2020,12,2020,4,thursday,5,11,19,21,22,37,26
3621,28/12/2020,12,2020,1,monday,32,34,40,45,46,47,25
3622,01/01/2021,1,2021,5,thursday,5,8,13,16,35,47,2
3623,04/01/2021,1,2021,1,monday,4,5,8,12,27,42,14
3624,07/01/2021,1,2021,4,thursday,1,7,9,12,32,36,17
3625,11/01/2021,1,2021,1,monday,3,5,8,19,26,47,41
3626,14/01/2021,1,2021,4,thursday,12,21,23,25,32,44,42
3627,18/01/2021,1,2021,1,monday,2,12,23,33,35,37,43
3628,21/01/2021,1,2021,4,thursday,8,11,15,17,19,35,45
3629,25/01/2021,1,2021,1,monday,8,9,12,17,33,39,48
3630,28/01/2021,1,2021,4,thursday,6,16,25,32,35,37,22
3631,01/02/2021,2,2021,1,monday,4,6,9,18,27,39,33
3632,05/02/2021,2,2021,5,thursday,8,9,11,24,26,47,34
3633,08/02/2021,2,2021,1,monday,9,10,25,27,34,42,29
3634,11/02/2021,2,2021,4,thursday,10,23,25,28,46,49,36
3635,15/02/2021,2,2021,1,monday,9,13,18,20,34,40,36
3636,18/02/2021,2,2021,4,thursday,1,4,6,15,40,44,37
3637,22/02/2021,2,2021,1,monday,3,6,8,11,36,48,1
3638,26/02/2021,2,2021,5,thursday,21,24,40,42,44,48,1
3639,01/03/2021,3,2021,1,monday,5,6,7,13,25,37,30
3640,04/03/2021,3,2021,4,thursday,11,12,20,28,30,38,27
3641,08/03/2021,3,2021,1,monday,8,13,17,27,33,40,38
3642,11/03/2021,3,2021,4,thursday,12,19,26,41,46,47,35
3643,15/03/2021,3,2021,1,monday,12,15,19,28,35,43,44
3644,18/03/2021,3,2021,4,thursday,2,5,12,24,25,29,3
3645,22/03/2021,3,2021,1,monday,2,12,20,35,37,44,17
3646,25/03/2021,3,2021,4,thursday,4,16,17,20,22,44,38
3647,29/03/2021,3,2021,1,monday,14,15,20,23,30,35,39
3648,01/04/2021,4,2021,4,thursday,10,11,15,21,29,44,26
3649,05/04/2021,4,2021,1,monday,9,11,15,17,25,40,5
3650,08/04/2021,4,2021,4,thursday,7,8,9,14,28,35,4
3651,12/04/2021,4,2021,1,monday,4,23,27,43,48,49,47
3652,15/04/2021,4,2021,4,thursday,10,14,23,25,35,46,39
3653,19/04/2021,4,2021,1,monday,8,10,16,17,20,43,32
3654,22/04/2021,4,2021,4,thursday,3,17,22,32,38,48,41
3655,26/04/2021,4,2021,1,monday,2,15,18,36,42,49,26
3656,29/04/2021,4,2021,4,thursday,2,19,22,29,36,43,5
3657,03/05/2021,5,2021,1,monday,15,17,18,35,41,42,3
3658,06/05/2021,5,2021,4,thursday,4,6,12,20,31,35,47
3659,10/05/2021,5,2021,1,monday,6,18,32,33,34,45,8
3660,13/05/2021,5,2021,4,thursday,2,4,5,16,39,47,24
3661,17/05/2021,5,2021,1,monday,5,6,11,36,41,46,8
3662,20/05/2021,5,2021,4,thursday,7,12,18,29,32,37,44
3663,24/05/2021,5,2021,1,monday,11,18,23,31,32,33,49
3664,27/05/2021,5,2021,4,thursday,3,7,9,24,36,38,43
3665,31/05/2021,5,2021,1,monday,14,15,18,19,30,44,6
3666,03/06/2021,6,2021,4,thursday,1,7,21,26,30,39,40
3667,07/06/2021,6,2021,1,monday,7,14,23,31,39,41,33
3668,10/06/2021,6,2021,4,thursday,1,9,15,22,24,42,10
3669,14/06/2021,6,2021,1,monday,5,16,23,24,28,45,40
3670,17/06/2021,6,2021,4,thursday,5,12,15,30,38,43,33
3671,21/06/2021,6,2021,1,monday,7,8,10,14,17,28,45
3672,24/06/2021,6,2021,4,thursday,1,12,17,21,24,44,23
3673,28/06/2021,6,2021,1,monday,14,31,32,33,38,47,45
3674,01/07/2021,7,2021,4,thursday,4,5,9,17,31,34,8
3675,05/07/2021,7,2021,1,monday,8,14,20,28,29,36,18
3676,08/07/2021,7,2021,4,thursday,7,9,15,20,23,40,2
3677,12/07/2021,7,2021,1,monday,18,19,23,24,38,45,27
3678,15/07/2021,7,2021,4,thursday,3,5,9,14,23,26,20
3679,19/07/2021,7,2021,1,monday,4,10,21,33,42,44,19
3680,22/07/2021,7,2021,4,thursday,1,21,26,38,44,45,17
3681,26/07/2021,7,2021,1,monday,3,8,30,34,39,46,44
3682,29/07/2021,7,2021,4,thursday,1,7,22,33,40,48,10
3683,02/08/2021,8,2021,1,monday,12,16,23,26,33,44,10
3684,05/08/2021,8,2021,4,thursday,3,17,19,23,32,38,7
3685,09/08/2021,8,2021,1,monday,15,24,33,34,36,40,18
3686,12/08/2021,8,2021,4,thursday,2,20,25,29,32,49,36
3687,16/08/2021,8,2021,1,monday,10,21,28,31,37,38,6
3688,19/08/2021,8,2021,4,thursday,1,3,9,39,40,47,29
3689,23/08/2021,8,2021,1,monday,5,17,26,27,31,48,4
3690,26/08/2021,8,2021,4,thursday,5,18,24,37,38,49,35
3691,30/08/2021,8,2021,1,monday,19,23,24,27,36,37,17
3692,02/09/2021,9,2021,4,thursday,3,4,6,10,19,42,34
3693,06/09/2021,9,2021,1,monday,1,15,31,32,33,44,20
3694,09/09/2021,9,2021,4,thursday,5,19,30,33,37,42,38
3695,13/09/2021,9,2021,1,monday,6,25,26,41,42,44,37
3696,16/09/2021,9,2021,4,thursday,9,10,15,30,38,48,2
3697,20/09/2021,9,2021,1,monday,3,6,10,16,33,49,1
3698,23/09/2021,9,2021,4,thursday,9,35,41,42,43,44,29
3699,27/09/2021,9,2021,1,monday,20,28,33,38,40,44,49
3700,30/09/2021,9,2021,4,thursday,5,8,14,26,30,44,47
3701,04/10/2021,10,2021,1,monday,10,14,28,30,35,40,6
3702,07/10/2021,10,2021,4,thursday,1,27,28,39,40,49,33
3703,11/10/2021,10,2021,1,monday,10,26,27,36,37,43,42
3704,14/10/2021,10,2021,4,thursday,10,15,16,24,45,47,19
3705,18/10/2021,10,2021,1,monday,5,23,24,27,44,49,26
3706,21/10/2021,10,2021,4,thursday,7,22,23,25,42,43,18
3707,25/10/2021,10,2021,1,monday,4,18,24,40,43,47,48
3708,28/10/2021,10,2021,4,thursday,3,20,27,34,35,46,37
3709,01/11/2021,11,2021,1,monday,7,15,22,24,26,37,9
3710,04/11/2021,11,2021,4,thursday,7,18,22,36,44,45,30
3711,08/11/2021,11,2021,1,monday,7,8,20,31,35,41,3
3712,11/11/2021,11,2021,4,thursday,5,7,12,35,48,49,2
3713,15/11/2021,11,2021,1,monday,23,27,31,34,43,48,1
3714,18/11/2021,11,2021,4,thursday,1,10,39,43,45,48,14
3715,22/11/2021,11,2021,1,monday,1,3,16,20,35,41,5
3716,25/11/2021,11,2021,4,thursday,6,20,27,32,40,44,4
3717,29/11/2021,11,2021,1,monday,1,7,12,26,28,32,21
3718,02/12/2021,12,2021,4,thursday,6,12,22,23,40,49,25
3719,06/12/2021,12,2021,1,monday,7,16,33,37,42,43,48
3720,09/12/2021,12,2021,4,thursday,1,17,30,31,42,43,46
3721,13/12/2021,12,2021,1,monday,5,18,19,23,40,49,20
3722,16/12/2021,12,2021,4,thursday,6,26,27,37,40,43,49
3723,20/12/2021,12,2021,1,monday,4,5,16,18,24,34,27
3724,23/12/2021,12,2021,4,thursday,1,21,35,39,44,45,42
3725,27/12/2021,12,2021,1,monday,3,9,13,23,24,44,7
3726,30/12/2021,12,2021,4,thursday,4,7,12,13,21,35,29
3727,03/01/2022,1,2022,1,monday,6,12,20,33,46,47,49
3728,07/01/2022,1,2022,5,thursday,3,8,11,20,44,49,32
3729,10/01/2022,1,2022,1,monday,8,11,17,21,30,44,48
3730,13/01/2022,1,2022,4,thursday,3,6,18,20,26,35,34
3731,17/01/2022,1,2022,1,monday,4,13,26,31,33,35,29
3732,21/01/2022,1,2022,5,thursday,2,4,11,13,28,38,49
3733,24/01/2022,1,2022,1,monday,1,8,10,31,32,38,39
3734,27/01/2022,1,2022,4,thursday,7,21,27,30,32,34,39
3735,31/01/2022,1,2022,1,monday,5,6,10,22,23,40,38
3736,03/02/2022,2,2022,4,thursday,15,28,31,32,44,49,18
3737,07/02/2022,2,2022,1,monday,1,11,17,28,32,35,44
3738,11/02/2022,2,2022,5,thursday,9,13,14,16,18,28,10
3739,14/02/2022,2,2022,1,monday,10,23,29,33,37,43,8
3740,17/02/2022,2,2022,4,thursday,1,4,19,35,37,45,49
3741,21/02/2022,2,2022,1,monday,1,19,22,27,37,44,25
3742,24/02/2022,2,2022,4,thursday,4,11,15,25,41,48,14
3743,28/02/2022,2,2022,1,monday,1,9,20,27,37,49,33
3744,03/03/2022,3,2022,4,thursday,8,13,24,30,40,44,45
3745,07/03/2022,3,2022,1,monday,19,22,24,28,29,42,40
3746,10/03/2022,3,2022,4,thursday,1,8,25,32,45,46,44
3747,14/03/2022,3,2022,1,monday,19,37,38,45,47,49,25
3748,17/03/2022,3,2022,4,thursday,5,7,30,42,47,49,17
3749,21/03/2022,3,2022,1,monday,1,20,22,23,24,31,2
3750,24/03/2022,3,2022,4,thursday,3,12,15,22,34,45,2
3751,28/03/2022,3,2022,1,monday,5,9,10,12,39,44,14
3752,31/03/2022,3,2022,4,thursday,1,4,10,22,24,45,47
3753,04/04/2022,4,2022,1,monday,14,15,28,31,40,42,44
3754,07/04/2022,4,2022,4,thursday,1,7,10,28,31,44,9
3755,11/04/2022,4,2022,1,monday,2,12,18,27,36,49,6
3756,14/04/2022,4,2022,4,thursday,4,6,23,26,29,30,36
3757,18/04/2022,4,2022,1,monday,12,20,33,39,42,48,49
3758,21/04/2022,4,2022,4,thursday,13,16,19,32,38,43,20
3759,25/04/2022,4,2022,1,monday,6,16,26,32,39,47,23
3760,28/04/2022,4,2022,4,thursday,5,6,11,16,22,37,44
3761,02/05/2022,5,2022,1,monday,12,14,23,32,35,38,13
3762,05/05/2022,5,2022,4,thursday,7,13,35,39,41,45,1
3763,09/05/2022,5,2022,1,monday,5,12,15,21,30,39,6
3764,12/05/2022,5,2022,4,thursday,15,20,36,38,41,46,10
3765,16/05/2022,5,2022,1,monday,21,22,40,41,42,46,9
3766,19/05/2022,5,2022,4,thursday,5,8,13,20,21,46,31
